CustomerID,PurchaseDate,MonetaryValue
1,2021-02-03,99.87
1,2021-03-11,159.08
2,2021-01-30,261.97
3,2021-02-05,169.41
3,2021-03-10,200.45
3,2021-04-09,142.96
3,2021-05-05,416.08
3,2021-06-04,184.81
3,2021-06-25,147.66
4,2021-01-29,162.38
4,2021-03-02,169.34
5,2021-02-01,62.87
5,2021-03-03,25.4
6,2021-01-26,89.0
7,2021-01-23,175.43
7,2021-02-21,472.03
8,2021-01-31,299.54
8,2021-03-02,342.01
8,2021-04-10,18.13
8,2021-05-05,260.93
8,2021-05-30,120.98
8,2021-07-01,326.13
8,2021-07-28,95.44
9,2021-02-03,449.64
9,2021-03-05,451.2
10,2021-02-02,450.29
11,2021-02-03,358.97
12,2021-01-22,482.17
12,2021-02-19,427.97
12,2021-03-26,154.28
12,2021-04-25,198.7
12,2021-05-21,427.06
12,2021-06-18,165.29
12,2021-07-17,93.05
13,2021-02-07,406.59
13,2021-03-12,406.96
14,2021-01-28,293.36
15,2021-01-24,35.32
15,2021-02-18,270.36
16,2021-01-21,94.87
16,2021-02-26,222.59
16,2021-03-22,205.27
16,2021-04-22,311.77
16,2021-05-26,321.2
16,2021-06-24,32.2
16,2021-07-28,193.56
16,2021-08-14,316.67
16,2021-09-16,256.54
16,2021-10-16,429.68
17,2021-02-01,18.93
17,2021-03-02,56.28
17,2021-03-30,344.67
17,2021-04-23,44.88
18,2021-02-04,452.25
18,2021-02-28,257.57
18,2021-03-28,414.96
18,2021-05-07,166.82
18,2021-06-10,448.81
19,2021-01-30,80.07
19,2021-03-04,383.14
19,2021-04-08,312.93
19,2021-04-27,59.55
19,2021-06-04,51.21
20,2021-01-29,390.8
20,2021-03-04,283.62
21,2021-01-23,475.7
21,2021-02-26,446.23
21,2021-03-26,233.27
21,2021-04-15,313.86
21,2021-05-15,145.92
21,2021-06-13,102.18
21,2021-07-21,237.21
22,2021-02-12,339.13
22,2021-03-13,312.88
22,2021-03-30,185.5
22,2021-04-22,65.64
22,2021-05-28,339.07
22,2021-06-23,264.95
22,2021-07-30,388.44
22,2021-08-31,264.88
23,2021-02-04,181.79
23,2021-03-01,299.06
24,2021-02-02,84.43
24,2021-03-04,78.03
24,2021-03-31,324.03
24,2021-04-20,99.12
25,2021-01-25,235.78
26,2021-01-22,191.53
26,2021-02-10,247.42
26,2021-03-16,312.94
27,2021-01-23,19.83
27,2021-02-17,167.82
28,2021-02-01,187.91
28,2021-03-02,326.5
29,2021-01-27,149.7
30,2021-02-01,245.76
30,2021-03-08,270.97
30,2021-04-06,35.39
30,2021-04-28,174.94
30,2021-05-29,75.86
31,2021-01-29,399.68
31,2021-02-21,108.8
31,2021-03-17,90.19
31,2021-04-17,90.49
32,2021-01-28,399.07
32,2021-02-25,313.84
32,2021-03-29,271.4
32,2021-04-30,448.01
33,2021-01-28,424.76
34,2021-02-02,297.25
34,2021-02-28,257.89
34,2021-04-08,309.61
34,2021-05-07,18.87
35,2021-01-30,492.57
35,2021-03-11,421.06
36,2021-01-28,173.41
37,2021-01-26,96.43
38,2021-02-03,22.44
38,2021-02-26,86.51
38,2021-03-29,360.83
38,2021-04-23,332.87
38,2021-05-17,23.28
38,2021-06-17,118.77
38,2021-07-16,123.23
38,2021-08-13,339.23
38,2021-09-24,19.66
38,2021-10-26,61.01
39,2021-01-29,143.43
39,2021-02-23,19.01
39,2021-03-26,458.01
39,2021-05-01,67.7
39,2021-05-29,292.49
39,2021-06-30,144.29
39,2021-07-29,281.55
39,2021-09-02,329.2
39,2021-10-02,416.57
39,2021-10-31,111.15
39,2021-12-01,15.39
39,2021-12-24,77.07
39,2022-01-23,451.01
40,2021-01-29,91.48
41,2021-02-04,138.51
41,2021-03-06,301.59
41,2021-04-09,35.2
42,2021-01-31,351.74
42,2021-02-26,155.7
42,2021-03-31,462.95
42,2021-04-28,485.82
42,2021-05-27,472.69
42,2021-07-03,242.36
42,2021-08-05,432.4
42,2021-08-31,423.83
42,2021-10-10,166.36
42,2021-11-18,416.17
43,2021-01-28,436.35
43,2021-02-24,20.42
43,2021-03-28,438.6
44,2021-02-05,183.76
44,2021-03-11,150.75
45,2021-02-12,214.61
46,2021-01-26,439.96
46,2021-02-19,140.14
46,2021-03-19,73.46
46,2021-04-13,445.49
46,2021-05-14,478.27
47,2021-01-31,344.8
48,2021-01-27,62.42
48,2021-03-01,382.9
48,2021-04-03,275.22
48,2021-05-06,481.87
48,2021-05-30,177.52
48,2021-06-22,319.98
48,2021-07-16,466.69
48,2021-08-15,60.23
48,2021-09-16,469.24
48,2021-10-17,347.06
49,2021-02-04,498.59
49,2021-03-03,218.83
49,2021-04-05,231.18
50,2021-01-24,141.81
50,2021-02-22,400.8
50,2021-03-22,162.08
50,2021-04-16,233.06
50,2021-05-14,15.69
50,2021-06-29,45.5
50,2021-08-03,202.32
50,2021-09-06,245.17
50,2021-10-08,304.01
50,2021-10-30,152.91
50,2021-11-28,350.54
50,2021-12-17,431.46
51,2021-01-31,263.68
51,2021-03-03,53.05
52,2021-02-05,61.24
53,2021-02-05,25.02
53,2021-03-08,136.26
53,2021-04-09,236.69
53,2021-04-30,435.45
53,2021-05-24,366.31
53,2021-06-17,373.93
53,2021-07-17,218.49
53,2021-08-11,179.51
54,2021-01-27,485.21
54,2021-02-21,232.36
54,2021-03-27,125.66
54,2021-05-05,46.01
54,2021-06-21,93.18
54,2021-07-21,264.69
54,2021-08-19,175.13
54,2021-09-19,416.15
54,2021-11-04,221.13
54,2021-12-01,131.87
55,2021-02-05,339.98
55,2021-03-02,485.26
55,2021-03-21,56.01
55,2021-04-06,339.58
55,2021-05-16,227.44
55,2021-06-01,435.39
55,2021-07-16,96.8
55,2021-08-17,349.39
55,2021-09-16,420.68
55,2021-10-09,472.86
55,2021-11-11,344.79
56,2021-02-03,332.34
56,2021-03-03,499.71
57,2021-01-28,305.69
57,2021-03-03,337.42
57,2021-04-08,313.55
57,2021-05-06,237.11
57,2021-06-03,196.1
57,2021-07-01,433.03
58,2021-01-31,403.48
58,2021-03-08,274.19
58,2021-04-15,162.54
58,2021-05-12,309.06
58,2021-06-07,360.91
59,2021-02-03,56.81
59,2021-03-05,315.69
59,2021-04-16,231.37
59,2021-05-24,297.44
59,2021-06-25,92.33
59,2021-08-02,371.07
59,2021-09-06,432.77
59,2021-10-05,116.2
60,2021-02-01,51.97
60,2021-02-24,448.15
60,2021-03-25,104.01
60,2021-04-16,168.45
60,2021-05-12,121.06
61,2021-01-31,338.05
62,2021-02-03,158.53
62,2021-02-24,138.93
62,2021-03-23,186.47
62,2021-05-02,52.94
62,2021-06-11,469.11
62,2021-07-11,281.36
62,2021-08-14,159.71
62,2021-09-18,204.52
63,2021-01-29,432.39
63,2021-03-05,462.15
63,2021-03-26,248.66
63,2021-04-28,307.06
63,2021-05-30,384.76
64,2021-01-30,492.0
64,2021-02-28,127.2
64,2021-03-25,79.7
64,2021-04-17,69.48
64,2021-05-16,158.6
64,2021-06-04,59.51
65,2021-01-30,488.18
65,2021-02-28,402.75
65,2021-03-29,480.19
65,2021-05-03,249.05
65,2021-06-02,63.77
65,2021-07-06,278.5
65,2021-07-31,232.64
66,2021-01-29,134.79
66,2021-02-25,422.03
67,2021-01-31,51.55
67,2021-03-02,361.0
68,2021-02-03,58.21
69,2021-01-23,484.56
69,2021-02-24,401.37
70,2021-02-10,221.72
71,2021-02-02,277.06
71,2021-03-13,492.49
71,2021-04-11,469.32
71,2021-05-16,31.16
72,2021-02-04,369.2
72,2021-03-06,311.83
72,2021-04-08,102.13
72,2021-05-12,184.14
72,2021-06-03,394.06
72,2021-06-28,281.57
73,2021-01-30,298.22
73,2021-03-02,245.68
73,2021-04-04,324.74
73,2021-05-02,41.78
74,2021-02-06,38.69
75,2021-01-28,118.1
76,2021-01-23,403.3
76,2021-02-20,234.51
76,2021-03-16,246.65
76,2021-03-28,75.41
76,2021-04-23,49.49
76,2021-06-03,366.69
76,2021-07-10,253.27
77,2021-01-21,248.91
77,2021-02-16,26.47
77,2021-03-14,40.7
77,2021-04-12,454.15
78,2021-02-11,132.97
78,2021-03-09,426.8
78,2021-04-04,285.0
78,2021-05-05,266.46
78,2021-06-06,66.24
78,2021-06-29,431.47
79,2021-02-07,171.81
79,2021-03-07,380.81
79,2021-03-26,264.5
79,2021-04-24,110.39
79,2021-05-19,440.14
80,2021-02-03,390.05
81,2021-02-05,489.76
81,2021-03-07,320.73
81,2021-04-11,71.87
81,2021-05-20,341.33
81,2021-06-12,169.3
81,2021-07-20,346.3
81,2021-08-18,44.12
81,2021-09-20,95.69
81,2021-10-28,429.31
81,2021-11-27,121.32
81,2022-01-02,420.15
81,2022-01-29,146.85
81,2022-02-27,325.01
81,2022-04-04,350.13
81,2022-04-26,261.2
81,2022-05-23,159.6
81,2022-06-24,114.2
81,2022-07-30,26.26
82,2021-02-03,229.06
83,2021-01-27,456.28
84,2021-02-01,452.42
84,2021-02-28,427.61
84,2021-03-27,337.22
85,2021-02-02,455.72
86,2021-02-02,307.47
87,2021-01-31,78.61
87,2021-03-04,145.64
87,2021-04-05,486.05
87,2021-05-03,172.36
88,2021-01-16,305.86
88,2021-02-20,346.43
88,2021-03-20,66.1
88,2021-04-11,198.08
88,2021-05-18,233.56
88,2021-06-13,190.84
88,2021-07-11,69.3
88,2021-08-12,215.28
88,2021-08-30,378.08
89,2021-02-01,79.65
89,2021-03-12,15.74
89,2021-04-15,216.8
89,2021-05-04,154.57
90,2021-02-02,160.09
90,2021-03-03,396.6
91,2021-02-02,326.45
91,2021-03-02,322.08
91,2021-03-29,176.9
92,2021-02-03,25.17
92,2021-03-20,200.11
93,2021-02-13,275.29
93,2021-03-17,85.53
93,2021-04-14,281.32
94,2021-01-20,483.54
95,2021-02-08,260.52
95,2021-03-12,251.24
95,2021-04-12,292.87
95,2021-05-21,434.13
95,2021-06-27,490.56
95,2021-07-20,209.72
95,2021-08-12,415.48
95,2021-09-11,384.62
95,2021-10-09,291.03
95,2021-11-12,478.46
96,2021-02-08,80.0
96,2021-03-13,379.18
96,2021-04-05,386.77
96,2021-05-10,332.68
96,2021-06-22,385.4
96,2021-07-25,424.5
96,2021-08-30,310.67
97,2021-01-23,255.31
97,2021-02-22,399.31
98,2021-01-29,445.44
98,2021-02-28,256.51
98,2021-03-28,230.18
99,2021-02-05,318.48
99,2021-02-28,36.62
99,2021-03-30,376.84
100,2021-01-27,59.93
101,2021-02-09,393.09
101,2021-03-02,325.63
101,2021-03-30,33.61
101,2021-05-03,186.42
101,2021-06-05,478.83
102,2021-02-05,64.64
102,2021-03-14,262.77
102,2021-04-12,141.12
102,2021-05-15,419.39
102,2021-06-07,17.2
102,2021-07-04,195.76
102,2021-08-07,175.3
102,2021-09-02,19.47
103,2021-01-31,450.29
103,2021-02-23,393.77
103,2021-03-30,392.38
103,2021-05-04,234.42
103,2021-06-01,205.02
103,2021-07-07,158.43
104,2021-01-21,200.2
104,2021-02-14,340.32
104,2021-03-21,137.35
104,2021-04-26,179.14
105,2021-01-30,228.32
105,2021-03-01,112.5
105,2021-04-03,34.49
105,2021-05-08,423.39
105,2021-06-06,490.78
106,2021-02-04,14.43
106,2021-03-10,184.94
106,2021-04-12,463.84
106,2021-05-17,122.05
107,2021-02-03,95.86
107,2021-03-03,434.72
107,2021-03-31,148.41
107,2021-05-01,475.72
107,2021-05-27,294.99
107,2021-06-29,223.94
107,2021-08-07,294.24
107,2021-09-01,263.18
108,2021-01-31,470.98
108,2021-02-24,258.39
108,2021-03-21,210.61
109,2021-01-27,72.65
110,2021-01-28,10.72
111,2021-01-25,259.36
111,2021-02-28,190.95
111,2021-04-02,467.13
111,2021-05-05,415.48
111,2021-05-22,351.63
111,2021-06-17,360.02
111,2021-07-09,236.24
112,2021-01-28,395.24
112,2021-03-06,369.88
112,2021-04-05,198.33
113,2021-01-19,433.99
113,2021-02-25,87.06
113,2021-03-28,161.8
114,2021-01-19,160.32
115,2021-01-27,472.78
115,2021-02-23,324.45
116,2021-01-27,485.63
116,2021-02-16,65.52
117,2021-01-26,150.86
118,2021-02-02,295.63
118,2021-02-28,134.02
118,2021-04-01,230.62
118,2021-05-03,479.21
118,2021-05-25,205.53
118,2021-06-19,421.5
118,2021-07-22,102.38
119,2021-01-27,359.89
119,2021-02-28,54.78
120,2021-01-30,312.22
120,2021-03-04,374.01
120,2021-04-09,371.58
120,2021-05-19,265.51
121,2021-02-08,20.74
121,2021-03-09,157.51
121,2021-04-11,256.29
121,2021-05-07,37.53
122,2021-02-06,151.7
123,2021-02-05,257.76
123,2021-03-20,471.15
124,2021-02-03,350.04
124,2021-03-09,122.5
124,2021-04-02,67.6
125,2021-02-08,61.62
126,2021-02-02,220.18
127,2021-02-02,306.76
128,2021-01-26,173.48
128,2021-02-15,397.86
128,2021-03-19,231.13
128,2021-04-19,99.89
128,2021-05-25,428.94
129,2021-01-21,193.98
129,2021-02-10,403.87
130,2021-01-30,334.23
130,2021-03-04,247.15
131,2021-02-05,169.01
131,2021-03-10,142.06
131,2021-04-03,103.55
131,2021-05-07,350.37
131,2021-06-14,117.17
131,2021-07-07,301.7
131,2021-08-02,139.67
131,2021-08-27,334.36
131,2021-10-05,409.32
131,2021-10-25,391.23
131,2021-11-30,382.82
131,2021-12-26,101.98
131,2022-02-05,53.31
132,2021-01-28,56.51
132,2021-02-24,499.46
132,2021-03-22,170.05
133,2021-01-29,420.19
133,2021-02-25,313.57
133,2021-03-29,286.06
134,2021-01-26,19.38
134,2021-03-07,391.76
134,2021-04-11,308.75
134,2021-04-29,352.82
134,2021-06-01,420.7
134,2021-06-25,403.38
134,2021-07-28,480.85
134,2021-08-20,272.61
134,2021-09-13,249.36
134,2021-10-16,206.92
135,2021-01-19,51.44
136,2021-02-08,174.29
136,2021-03-09,42.84
137,2021-01-23,486.81
138,2021-01-27,37.92
138,2021-02-15,215.12
138,2021-03-10,234.63
138,2021-04-02,365.25
138,2021-04-29,291.4
138,2021-05-22,336.93
138,2021-06-14,390.75
138,2021-07-14,432.48
138,2021-08-10,163.8
139,2021-02-04,150.0
139,2021-03-12,464.29
139,2021-04-09,485.26
139,2021-05-13,289.92
139,2021-06-24,80.07
139,2021-07-25,193.53
139,2021-08-19,400.89
139,2021-09-21,190.02
139,2021-10-15,52.64
139,2021-11-08,282.82
140,2021-02-05,126.69
140,2021-02-28,455.13
140,2021-03-21,239.35
140,2021-04-06,238.49
141,2021-02-06,110.18
142,2021-01-30,22.24
143,2021-02-05,341.92
143,2021-02-28,287.23
144,2021-01-27,226.97
144,2021-02-23,137.91
144,2021-04-02,178.26
144,2021-05-05,418.94
144,2021-06-01,468.39
145,2021-01-27,114.1
145,2021-03-02,335.13
145,2021-04-05,211.49
146,2021-01-28,151.09
146,2021-02-19,251.48
147,2021-01-28,415.01
147,2021-03-09,402.48
147,2021-04-06,61.18
148,2021-01-23,35.85
148,2021-02-21,349.09
149,2021-02-06,243.04
149,2021-03-06,209.8
149,2021-03-31,89.0
149,2021-04-30,331.64
149,2021-05-28,485.86
149,2021-06-25,285.47
149,2021-08-04,360.23
149,2021-09-06,43.54
150,2021-02-01,86.84
150,2021-03-09,415.38
150,2021-04-04,30.54
150,2021-05-03,215.4
150,2021-05-23,92.42
151,2021-02-09,195.73
151,2021-03-09,458.38
151,2021-04-11,133.07
151,2021-05-17,423.66
151,2021-06-17,247.17
152,2021-01-29,123.42
152,2021-03-03,435.52
152,2021-03-31,463.97
152,2021-05-02,215.62
152,2021-05-26,34.81
152,2021-06-22,29.3
152,2021-07-16,291.24
152,2021-08-06,202.52
152,2021-09-07,24.04
152,2021-10-26,295.79
153,2021-01-29,218.8
154,2021-01-26,251.34
155,2021-02-04,141.41
156,2021-01-27,496.37
156,2021-02-23,86.54
156,2021-03-20,494.33
156,2021-04-22,488.87
156,2021-05-15,398.97
156,2021-06-17,333.12
157,2021-02-07,434.13
157,2021-03-12,60.39
157,2021-04-16,71.72
157,2021-05-11,489.78
158,2021-01-27,49.98
158,2021-03-01,136.71
158,2021-04-04,23.65
158,2021-04-27,319.37
158,2021-05-24,218.94
158,2021-06-20,278.59
159,2021-01-21,267.48
159,2021-02-17,351.94
159,2021-03-12,451.13
160,2021-01-26,417.44
160,2021-02-26,460.01
160,2021-03-25,328.4
160,2021-04-21,60.68
161,2021-02-01,278.95
161,2021-03-04,196.19
162,2021-01-31,159.81
162,2021-03-03,207.32
163,2021-02-03,149.43
163,2021-03-12,227.09
163,2021-04-13,312.38
164,2021-01-20,176.26
164,2021-02-20,257.91
164,2021-03-28,89.34
164,2021-04-30,332.47
164,2021-06-01,498.9
164,2021-07-02,231.35
164,2021-08-03,183.82
164,2021-09-05,206.35
164,2021-10-14,66.42
164,2021-11-02,442.8
164,2021-11-29,213.26
164,2022-01-02,199.76
164,2022-02-11,333.25
164,2022-03-11,226.6
165,2021-01-31,201.95
165,2021-02-28,89.7
166,2021-01-28,84.21
166,2021-02-17,222.06
166,2021-03-17,301.88
167,2021-02-05,208.66
167,2021-02-28,262.98
167,2021-03-24,294.52
168,2021-01-29,306.14
168,2021-03-08,384.21
168,2021-04-06,266.47
168,2021-05-12,121.12
168,2021-06-16,336.6
168,2021-07-18,49.25
168,2021-08-16,226.5
168,2021-09-17,90.05
168,2021-10-18,100.38
169,2021-02-06,31.59
169,2021-02-25,100.79
169,2021-03-28,275.22
169,2021-05-11,326.33
170,2021-01-27,293.4
170,2021-02-19,417.98
170,2021-03-11,404.04
170,2021-04-12,434.55
170,2021-05-11,39.21
170,2021-06-04,349.1
170,2021-07-06,78.59
170,2021-08-03,213.75
170,2021-08-27,278.81
170,2021-09-27,207.34
170,2021-10-17,264.61
170,2021-11-22,498.3
170,2021-12-16,76.26
170,2022-01-19,340.97
171,2021-01-30,373.71
171,2021-03-02,22.35
171,2021-04-02,183.87
172,2021-02-02,253.16
172,2021-02-28,149.96
172,2021-03-30,369.96
173,2021-01-31,21.06
174,2021-02-09,53.02
174,2021-03-07,94.2
174,2021-04-03,263.86
174,2021-05-02,114.86
175,2021-01-30,123.23
175,2021-02-25,449.72
176,2021-02-04,211.23
177,2021-02-01,162.97
178,2021-01-29,248.23
178,2021-03-06,63.42
178,2021-04-03,131.78
179,2021-01-24,92.74
179,2021-02-26,36.28
179,2021-03-30,361.56
179,2021-04-26,242.98
179,2021-05-23,426.06
179,2021-06-19,197.86
179,2021-07-22,92.46
179,2021-08-17,419.86
180,2021-02-06,491.54
180,2021-03-14,132.49
180,2021-04-11,45.95
180,2021-05-03,334.94
180,2021-06-05,301.73
180,2021-07-01,213.42
180,2021-08-05,216.87
180,2021-09-02,394.68
180,2021-10-01,105.9
180,2021-10-31,411.92
181,2021-01-30,68.98
181,2021-02-17,43.13
181,2021-03-14,364.77
181,2021-04-19,465.12
182,2021-01-23,29.09
182,2021-02-17,201.99
183,2021-02-04,101.69
183,2021-02-25,282.22
183,2021-03-22,152.77
183,2021-04-27,214.52
183,2021-05-22,194.66
184,2021-02-05,70.68
185,2021-02-08,194.91
185,2021-03-06,212.62
185,2021-04-06,29.51
185,2021-04-30,144.25
185,2021-06-04,478.27
185,2021-06-27,477.28
186,2021-01-29,469.65
186,2021-03-02,459.65
187,2021-02-02,348.12
187,2021-02-25,164.89
187,2021-03-24,37.31
187,2021-04-26,308.81
187,2021-05-21,127.99
187,2021-06-14,199.54
187,2021-07-11,49.48
188,2021-01-26,237.87
188,2021-03-05,121.22
188,2021-03-29,374.51
188,2021-04-25,460.41
188,2021-05-29,217.65
188,2021-06-16,177.64
189,2021-02-06,110.93
189,2021-03-15,10.46
189,2021-04-25,29.24
189,2021-05-30,488.87
189,2021-06-17,128.75
189,2021-07-16,335.02
189,2021-08-17,421.16
189,2021-09-17,279.82
189,2021-10-21,85.04
189,2021-12-03,366.78
189,2022-01-10,304.12
189,2022-02-05,368.31
190,2021-01-29,390.63
190,2021-02-25,425.3
191,2021-01-26,485.21
191,2021-02-26,366.54
191,2021-03-27,462.08
191,2021-05-06,383.48
191,2021-05-28,299.94
191,2021-06-28,104.09
191,2021-07-26,336.68
192,2021-02-05,223.76
193,2021-01-31,280.88
193,2021-02-27,372.93
194,2021-01-30,420.36
195,2021-02-06,224.57
196,2021-01-28,189.73
197,2021-02-04,17.85
197,2021-03-16,482.21
197,2021-04-24,194.72
197,2021-05-20,305.57
197,2021-06-20,49.06
198,2021-02-08,169.82
198,2021-03-07,239.59
198,2021-04-10,82.5
198,2021-05-04,492.48
198,2021-05-29,112.46
199,2021-01-30,468.34
199,2021-02-20,378.2
199,2021-03-20,471.25
200,2021-01-26,156.97
200,2021-02-14,242.41
200,2021-03-18,92.33
200,2021-04-15,183.85
200,2021-05-22,205.99
200,2021-06-16,38.12
200,2021-07-14,295.82
200,2021-08-17,443.33
201,2021-02-03,214.41
201,2021-03-05,440.1
201,2021-04-05,109.96
201,2021-05-04,414.97
201,2021-05-25,283.27
201,2021-06-14,36.76
202,2021-02-05,20.7
202,2021-03-01,389.5
202,2021-03-31,75.87
202,2021-04-29,239.18
202,2021-05-17,306.89
202,2021-06-12,219.89
203,2021-01-28,136.24
203,2021-03-13,230.47
203,2021-04-05,349.53
203,2021-05-01,369.25
203,2021-05-22,497.76
203,2021-06-21,150.88
203,2021-07-12,273.73
203,2021-08-22,271.33
203,2021-09-30,208.77
203,2021-11-11,92.89
203,2021-12-25,488.95
204,2021-01-29,370.87
204,2021-02-26,35.31
204,2021-04-02,34.15
204,2021-05-03,199.28
204,2021-05-28,183.2
204,2021-06-23,164.66
204,2021-07-23,250.6
204,2021-08-23,167.16
204,2021-09-23,104.21
204,2021-10-27,161.64
204,2021-11-25,487.7
204,2022-01-07,211.45
204,2022-02-05,227.91
204,2022-03-10,292.51
205,2021-02-04,477.12
205,2021-03-05,45.61
206,2021-01-26,165.28
206,2021-02-20,140.73
206,2021-03-27,257.9
207,2021-01-29,326.74
207,2021-03-05,234.6
207,2021-03-31,269.07
207,2021-04-25,26.84
207,2021-06-03,323.09
207,2021-07-04,49.91
207,2021-07-31,223.16
207,2021-08-31,153.4
207,2021-09-18,277.26
207,2021-10-15,75.37
207,2021-11-11,348.91
207,2021-12-18,399.56
207,2022-01-22,90.04
207,2022-02-27,61.11
208,2021-01-21,136.16
209,2021-01-23,323.16
210,2021-02-02,328.59
211,2021-01-30,344.43
211,2021-03-03,334.49
211,2021-03-31,360.51
212,2021-02-08,100.28
212,2021-02-28,37.93
212,2021-03-26,298.02
212,2021-05-02,421.77
212,2021-05-26,18.57
212,2021-06-24,34.01
212,2021-07-15,290.66
212,2021-08-08,411.55
213,2021-02-01,323.82
213,2021-02-26,163.94
213,2021-03-21,479.41
213,2021-05-04,26.38
213,2021-05-26,294.1
213,2021-06-27,91.59
213,2021-08-02,358.99
213,2021-09-08,96.19
214,2021-02-02,344.88
215,2021-01-27,448.95
216,2021-01-25,80.5
217,2021-01-29,490.18
217,2021-03-03,492.94
217,2021-03-29,346.47
217,2021-05-06,129.37
217,2021-06-08,401.29
218,2021-02-04,141.32
219,2021-02-02,455.69
219,2021-02-27,142.12
219,2021-03-30,411.64
220,2021-01-25,143.14
221,2021-02-06,37.75
222,2021-02-04,322.28
223,2021-02-05,18.17
223,2021-03-05,438.03
223,2021-04-03,125.87
224,2021-02-07,297.43
224,2021-03-02,233.14
225,2021-02-06,125.99
226,2021-01-31,362.16
226,2021-03-02,297.26
226,2021-04-10,251.26
227,2021-02-02,194.15
228,2021-02-10,263.46
229,2021-02-05,211.45
229,2021-03-15,124.82
229,2021-04-12,19.63
229,2021-05-07,440.9
230,2021-02-02,480.58
230,2021-03-01,31.85
230,2021-04-06,80.1
230,2021-05-04,16.87
230,2021-05-29,287.76
230,2021-06-16,466.81
230,2021-07-17,336.31
231,2021-01-31,437.47
231,2021-02-23,310.43
232,2021-01-30,277.99
233,2021-01-27,362.8
234,2021-01-24,353.17
234,2021-02-16,381.85
235,2021-01-31,127.03
235,2021-03-08,475.15
235,2021-04-04,159.5
235,2021-04-29,92.74
235,2021-05-26,235.73
236,2021-02-15,129.3
237,2021-01-28,373.58
238,2021-01-25,106.03
239,2021-01-27,65.69
240,2021-01-21,211.14
241,2021-02-05,40.82
241,2021-03-07,101.8
241,2021-04-07,25.91
242,2021-01-29,316.66
242,2021-02-16,36.71
243,2021-02-01,485.36
244,2021-01-24,206.48
244,2021-02-18,181.85
244,2021-03-18,388.69
244,2021-04-13,403.55
244,2021-05-01,85.17
245,2021-01-23,493.11
246,2021-02-06,175.36
246,2021-03-17,18.86
246,2021-04-20,206.16
246,2021-05-14,279.44
246,2021-06-04,313.6
247,2021-01-28,415.17
247,2021-03-09,285.7
247,2021-04-09,383.47
247,2021-05-07,359.67
248,2021-01-29,142.03
248,2021-02-25,145.99
248,2021-03-24,467.37
248,2021-04-23,364.53
248,2021-05-22,292.82
248,2021-06-21,327.38
248,2021-07-21,24.36
249,2021-01-29,295.25
249,2021-03-01,184.82
249,2021-04-04,90.49
249,2021-05-03,256.82
249,2021-06-04,416.8
249,2021-07-03,335.37
249,2021-08-05,175.8
249,2021-09-13,468.41
249,2021-10-12,456.98
249,2021-10-31,112.58
249,2021-11-29,29.31
250,2021-02-01,377.58
251,2021-01-26,445.41
252,2021-01-29,223.67
252,2021-02-26,86.88
252,2021-03-27,474.31
253,2021-02-05,30.13
253,2021-02-27,180.17
253,2021-03-25,139.96
253,2021-04-24,346.18
253,2021-05-23,474.91
253,2021-06-16,141.34
254,2021-02-06,242.48
254,2021-03-08,14.88
254,2021-03-31,51.54
254,2021-05-02,405.74
254,2021-06-01,388.02
254,2021-06-30,458.42
254,2021-07-27,428.71
254,2021-09-10,344.76
254,2021-10-15,35.64
255,2021-01-26,404.43
255,2021-02-19,483.99
255,2021-03-19,141.61
255,2021-04-14,252.46
255,2021-05-13,52.2
256,2021-02-04,379.92
257,2021-02-03,48.47
257,2021-03-04,441.82
258,2021-01-22,240.64
259,2021-02-04,133.48
260,2021-01-23,59.91
260,2021-03-05,366.96
260,2021-04-09,107.84
261,2021-02-06,230.4
261,2021-03-11,380.61
261,2021-04-08,399.13
261,2021-05-08,252.35
261,2021-06-16,448.43
262,2021-01-25,155.13
262,2021-02-20,290.42
263,2021-01-24,74.54
263,2021-02-28,430.79
264,2021-01-28,192.6
265,2021-02-03,410.8
265,2021-03-01,465.66
265,2021-03-29,277.09
266,2021-01-30,388.41
267,2021-01-30,469.84
267,2021-02-26,93.83
267,2021-04-08,65.49
268,2021-01-30,149.74
268,2021-02-25,398.49
269,2021-02-04,237.53
269,2021-02-22,222.29
269,2021-03-24,401.85
269,2021-04-24,372.34
269,2021-05-22,218.9
269,2021-06-18,173.52
269,2021-07-07,165.07
270,2021-02-03,455.63
270,2021-02-28,104.88
270,2021-03-25,213.98
270,2021-05-04,229.94
270,2021-06-12,303.52
270,2021-07-10,45.15
270,2021-08-03,121.11
271,2021-02-13,158.65
272,2021-01-28,167.63
272,2021-02-21,238.09
272,2021-03-19,472.17
273,2021-02-10,166.83
273,2021-03-20,216.67
274,2021-01-31,94.65
274,2021-02-25,195.89
275,2021-02-02,287.5
275,2021-03-06,384.01
275,2021-04-02,76.89
275,2021-05-02,122.05
275,2021-06-01,442.42
275,2021-07-08,19.86
276,2021-02-03,422.85
276,2021-03-05,187.47
276,2021-04-06,333.63
277,2021-02-04,464.97
277,2021-02-20,294.07
277,2021-04-01,336.85
277,2021-04-28,456.67
277,2021-05-22,179.35
277,2021-06-16,314.54
278,2021-01-26,257.09
278,2021-02-21,434.17
279,2021-02-05,29.63
280,2021-01-27,335.18
281,2021-01-31,256.81
281,2021-03-12,99.49
281,2021-04-07,291.25
281,2021-05-18,322.33
281,2021-06-22,282.79
281,2021-07-15,371.76
281,2021-08-13,174.45
282,2021-01-28,462.38
283,2021-02-08,479.92
284,2021-01-29,271.68
284,2021-03-01,440.94
285,2021-01-30,248.36
286,2021-02-04,481.56
286,2021-03-08,446.21
287,2021-01-29,255.95
287,2021-03-04,306.48
287,2021-04-02,284.35
287,2021-05-02,248.34
287,2021-06-05,257.42
287,2021-06-30,96.44
287,2021-07-28,408.24
287,2021-08-28,275.46
288,2021-01-25,474.24
288,2021-02-22,217.45
288,2021-03-18,14.56
288,2021-04-10,226.77
288,2021-05-06,32.57
288,2021-06-12,276.5
289,2021-02-09,280.65
289,2021-03-07,34.75
289,2021-04-13,31.5
289,2021-05-09,362.98
290,2021-01-25,438.75
290,2021-02-22,157.71
290,2021-03-26,56.33
291,2021-01-31,251.46
291,2021-03-06,88.75
292,2021-01-27,58.75
292,2021-03-07,306.05
292,2021-04-11,69.27
292,2021-05-11,48.56
292,2021-06-09,268.38
292,2021-07-09,207.36
292,2021-07-29,298.52
292,2021-09-01,53.72
292,2021-09-26,221.18
292,2021-10-26,95.65
292,2021-11-13,493.68
292,2021-12-13,284.96
292,2022-01-15,346.84
292,2022-02-10,169.45
292,2022-03-09,56.42
292,2022-04-09,488.18
292,2022-05-04,150.27
292,2022-06-02,217.67
292,2022-07-02,328.43
292,2022-08-02,22.1
292,2022-09-04,407.03
293,2021-02-01,235.45
293,2021-02-26,104.79
293,2021-03-22,113.08
293,2021-04-20,21.29
293,2021-05-20,449.41
293,2021-06-13,113.25
293,2021-07-07,121.49
293,2021-08-05,147.0
293,2021-08-27,72.43
293,2021-09-29,323.24
294,2021-02-02,189.97
294,2021-03-03,457.77
294,2021-04-04,190.46
294,2021-04-30,192.99
295,2021-02-07,437.06
295,2021-03-09,228.9
296,2021-02-14,289.05
296,2021-03-08,431.95
297,2021-01-24,37.63
297,2021-03-07,191.0
297,2021-04-08,257.85
297,2021-05-03,284.57
298,2021-01-22,255.1
299,2021-01-27,104.09
299,2021-03-10,421.6
299,2021-04-08,365.21
299,2021-05-02,448.43
299,2021-06-04,67.6
299,2021-07-04,495.21
299,2021-08-04,112.61
299,2021-09-04,15.77
299,2021-10-07,498.74
299,2021-11-06,147.73
299,2021-12-10,337.33
300,2021-01-28,225.81
300,2021-02-25,451.58
300,2021-03-24,377.83
300,2021-04-22,249.42
300,2021-05-16,305.58
300,2021-06-17,169.53
301,2021-01-25,408.04
301,2021-02-19,378.68
301,2021-03-11,379.12
302,2021-01-31,324.97
303,2021-01-21,184.09
303,2021-02-20,34.09
303,2021-03-13,25.22
303,2021-04-09,281.55
303,2021-05-05,383.4
303,2021-06-07,273.32
303,2021-07-04,421.98
303,2021-08-07,26.38
304,2021-02-01,376.64
305,2021-01-24,305.84
305,2021-02-14,90.33
305,2021-03-11,370.62
306,2021-01-25,201.85
306,2021-02-23,359.53
306,2021-03-21,333.12
306,2021-04-14,316.1
307,2021-01-28,177.11
308,2021-02-02,469.06
309,2021-01-26,221.44
310,2021-02-04,56.58
310,2021-03-17,108.23
311,2021-01-29,158.58
311,2021-02-27,352.02
311,2021-04-04,397.23
311,2021-05-04,154.92
312,2021-01-26,413.1
312,2021-02-19,112.92
312,2021-03-29,203.1
312,2021-04-30,165.14
312,2021-05-17,206.08
312,2021-06-17,83.74
313,2021-01-27,129.95
313,2021-02-21,343.49
313,2021-03-16,69.42
313,2021-04-15,65.74
313,2021-05-16,211.37
314,2021-01-25,196.89
314,2021-02-26,79.03
314,2021-03-20,316.22
314,2021-04-17,367.15
314,2021-05-19,466.64
315,2021-01-24,453.87
315,2021-02-20,262.96
315,2021-03-24,85.34
315,2021-04-25,461.65
316,2021-02-05,144.27
316,2021-03-13,164.27
317,2021-02-03,421.31
317,2021-03-06,229.6
317,2021-04-01,321.98
318,2021-01-31,356.69
318,2021-02-28,25.28
318,2021-04-05,436.4
318,2021-05-10,77.94
318,2021-06-05,72.38
318,2021-06-27,96.08
318,2021-07-26,480.53
319,2021-02-12,297.07
319,2021-03-11,488.28
319,2021-04-09,270.83
319,2021-05-12,453.61
319,2021-06-13,50.69
319,2021-07-13,103.62
319,2021-08-07,225.97
319,2021-09-10,296.53
319,2021-10-17,409.95
320,2021-01-29,72.2
320,2021-02-23,467.47
320,2021-03-21,435.0
320,2021-04-22,124.47
321,2021-01-27,472.08
321,2021-02-28,399.59
321,2021-04-08,98.81
321,2021-05-08,358.88
322,2021-01-30,13.33
322,2021-03-06,84.94
322,2021-04-07,43.81
322,2021-05-11,497.94
323,2021-01-29,285.79
323,2021-02-26,163.55
323,2021-03-24,154.6
323,2021-04-17,369.37
323,2021-05-15,436.93
323,2021-06-07,104.36
323,2021-07-01,57.83
323,2021-07-29,449.92
324,2021-01-30,357.98
324,2021-02-20,341.9
324,2021-03-27,21.97
325,2021-02-09,315.14
326,2021-01-25,410.27
327,2021-01-31,174.42
327,2021-03-01,488.25
328,2021-02-03,387.95
329,2021-01-17,175.5
330,2021-01-31,414.4
330,2021-02-25,71.71
331,2021-02-11,394.69
332,2021-02-02,427.7
333,2021-02-06,232.15
334,2021-01-30,232.7
334,2021-03-02,112.55
334,2021-03-27,11.82
334,2021-04-26,128.34
334,2021-06-02,259.76
334,2021-07-03,196.18
334,2021-08-06,229.76
334,2021-09-06,490.52
334,2021-10-19,181.63
334,2021-11-19,231.57
335,2021-01-27,73.87
336,2021-02-14,330.47
336,2021-03-15,213.95
337,2021-01-29,328.55
337,2021-02-24,330.29
337,2021-03-22,478.55
337,2021-04-17,11.48
337,2021-05-13,131.49
337,2021-06-19,464.62
338,2021-02-06,302.13
338,2021-03-19,458.81
338,2021-04-12,151.09
338,2021-05-09,100.91
338,2021-06-01,329.32
339,2021-01-30,458.15
339,2021-03-02,54.61
339,2021-04-06,327.62
339,2021-05-15,212.47
339,2021-06-19,208.75
339,2021-07-18,342.98
339,2021-08-20,42.88
339,2021-09-17,300.92
339,2021-10-15,388.3
340,2021-02-09,178.81
340,2021-03-07,40.16
340,2021-04-02,142.29
340,2021-04-22,386.53
341,2021-02-03,207.42
342,2021-02-07,88.94
342,2021-03-07,498.05
342,2021-04-08,98.2
342,2021-04-30,256.25
342,2021-06-12,425.72
343,2021-01-29,362.12
343,2021-03-05,114.73
343,2021-04-06,106.51
343,2021-05-02,212.25
343,2021-05-31,121.61
344,2021-01-30,254.01
345,2021-01-24,39.44
346,2021-01-25,119.25
346,2021-02-25,102.15
347,2021-02-01,364.55
347,2021-03-13,404.93
347,2021-04-07,151.85
347,2021-05-11,335.42
348,2021-01-28,70.55
348,2021-02-25,59.5
348,2021-03-25,308.76
348,2021-04-20,106.28
348,2021-05-16,133.2
348,2021-06-05,95.05
348,2021-07-07,479.34
348,2021-07-25,428.76
348,2021-08-17,122.94
349,2021-02-05,361.15
349,2021-03-01,224.27
349,2021-04-01,207.74
349,2021-04-26,77.11
349,2021-05-23,258.32
349,2021-06-21,72.01
349,2021-07-12,243.54
349,2021-07-31,384.17
350,2021-01-17,178.09
350,2021-02-14,211.24
350,2021-03-18,363.0
350,2021-04-15,260.65
350,2021-05-08,472.35
350,2021-06-04,30.52
350,2021-07-02,256.5
351,2021-02-09,348.01
352,2021-02-02,339.04
352,2021-03-03,12.14
352,2021-03-30,463.08
353,2021-02-06,143.51
353,2021-03-11,417.57
354,2021-02-04,311.46
354,2021-03-08,415.74
354,2021-04-02,87.18
354,2021-05-02,301.22
354,2021-06-02,300.87
355,2021-02-02,447.83
356,2021-02-07,302.27
356,2021-03-05,144.74
356,2021-04-10,49.03
356,2021-05-07,220.51
356,2021-06-13,281.62
356,2021-07-09,171.09
356,2021-08-11,363.01
356,2021-09-11,325.45
357,2021-01-29,189.81
357,2021-03-01,51.11
357,2021-03-28,35.62
357,2021-04-27,134.19
357,2021-06-05,46.38
357,2021-07-04,60.85
357,2021-07-31,408.33
357,2021-08-31,29.05
358,2021-02-01,188.31
358,2021-03-02,418.3
359,2021-01-27,204.64
360,2021-02-07,108.57
361,2021-01-31,444.43
362,2021-02-04,332.15
362,2021-03-05,448.58
362,2021-04-01,202.55
362,2021-05-03,481.26
362,2021-06-02,213.74
362,2021-07-09,304.53
362,2021-08-19,357.8
362,2021-09-23,475.79
362,2021-10-16,129.86
362,2021-11-21,375.6
362,2022-01-01,265.2
362,2022-01-30,141.59
362,2022-03-09,390.54
363,2021-02-14,429.15
363,2021-03-14,25.62
363,2021-04-11,47.29
363,2021-05-11,144.22
363,2021-06-04,107.94
363,2021-07-06,123.61
363,2021-08-14,400.99
363,2021-09-11,285.93
363,2021-10-18,12.83
363,2021-11-13,220.37
364,2021-02-08,171.41
364,2021-03-01,273.07
364,2021-04-03,456.29
364,2021-05-02,424.81
364,2021-06-11,72.47
364,2021-07-14,55.58
364,2021-08-02,298.74
365,2021-02-04,464.69
366,2021-02-03,320.43
366,2021-03-14,131.78
366,2021-04-08,159.04
367,2021-01-31,49.1
367,2021-03-08,214.81
367,2021-04-03,472.03
367,2021-04-30,363.54
367,2021-05-28,53.18
367,2021-06-23,424.7
368,2021-02-01,252.58
368,2021-03-11,424.8
368,2021-04-21,257.53
369,2021-01-28,65.07
369,2021-02-28,180.39
369,2021-03-28,439.45
369,2021-04-22,108.81
369,2021-05-21,48.34
369,2021-06-24,396.18
369,2021-07-30,419.39
369,2021-08-28,89.7
369,2021-09-22,428.63
369,2021-10-19,346.52
369,2021-11-19,264.84
369,2021-12-21,416.82
370,2021-02-01,346.59
370,2021-02-21,154.06
370,2021-03-21,284.35
370,2021-04-21,157.45
370,2021-05-17,91.9
370,2021-06-11,209.52
370,2021-07-10,123.81
371,2021-01-30,155.77
371,2021-02-25,155.21
371,2021-04-06,365.53
371,2021-05-04,122.61
371,2021-05-30,10.44
371,2021-06-23,360.47
372,2021-02-04,102.58
372,2021-03-05,431.12
373,2021-01-31,101.3
373,2021-03-02,58.87
373,2021-03-27,188.03
373,2021-04-22,255.66
373,2021-05-18,31.26
373,2021-06-25,180.75
374,2021-02-10,167.95
374,2021-03-03,309.09
374,2021-03-27,470.16
374,2021-04-16,339.15
374,2021-05-10,46.63
374,2021-06-09,235.74
375,2021-02-02,300.65
376,2021-02-13,414.11
376,2021-03-19,207.06
376,2021-04-24,60.17
376,2021-05-27,40.14
376,2021-06-16,35.15
376,2021-07-14,196.27
376,2021-08-21,175.25
377,2021-02-05,184.25
378,2021-01-31,205.27
379,2021-02-04,452.67
380,2021-01-29,335.76
380,2021-03-07,150.23
380,2021-03-31,107.47
381,2021-01-24,132.15
381,2021-02-28,120.19
381,2021-03-25,264.53
382,2021-01-28,117.45
383,2021-01-21,94.58
383,2021-02-20,11.29
383,2021-03-28,230.94
383,2021-04-23,182.69
383,2021-05-22,281.91
383,2021-06-20,102.14
383,2021-07-24,431.24
383,2021-08-28,136.3
383,2021-10-02,120.95
384,2021-01-30,71.57
384,2021-03-07,77.81
385,2021-01-28,26.16
386,2021-01-23,188.97
386,2021-02-17,202.46
386,2021-03-20,350.86
386,2021-04-27,469.56
386,2021-05-21,275.76
386,2021-06-14,386.52
386,2021-07-13,53.71
386,2021-08-10,113.47
387,2021-02-01,188.56
387,2021-03-02,182.97
387,2021-03-27,321.82
387,2021-04-27,378.12
387,2021-05-27,342.47
387,2021-06-22,107.22
387,2021-07-25,252.05
388,2021-01-23,209.34
388,2021-02-18,425.51
388,2021-03-16,190.15
389,2021-01-31,150.17
389,2021-02-27,263.25
389,2021-03-29,139.05
389,2021-05-01,112.83
389,2021-05-26,303.56
390,2021-01-29,339.96
391,2021-01-23,192.77
391,2021-02-28,82.91
392,2021-01-28,307.14
393,2021-02-02,228.06
394,2021-02-11,334.06
395,2021-02-03,227.19
395,2021-02-27,101.26
395,2021-04-02,247.82
395,2021-05-03,416.79
395,2021-06-03,475.8
395,2021-07-07,320.78
395,2021-07-30,183.41
395,2021-09-11,305.63
396,2021-01-28,13.41
396,2021-02-20,127.66
396,2021-04-03,59.4
396,2021-05-01,137.5
396,2021-06-02,96.75
396,2021-07-10,23.97
396,2021-08-06,455.56
397,2021-02-01,10.46
397,2021-02-24,381.0
397,2021-03-31,492.75
398,2021-02-05,489.46
398,2021-03-03,298.33
398,2021-03-28,282.91
398,2021-04-30,331.34
398,2021-06-04,253.54
398,2021-06-29,25.71
399,2021-01-29,137.99
399,2021-02-26,260.83
399,2021-03-23,166.61
399,2021-04-19,92.13
400,2021-02-02,412.35
400,2021-03-12,251.59
401,2021-01-23,463.07
401,2021-02-23,204.82
402,2021-01-26,399.84
403,2021-01-31,100.32
403,2021-02-23,41.77
403,2021-03-25,383.7
403,2021-04-17,219.45
404,2021-01-31,277.35
404,2021-02-24,356.33
404,2021-03-23,397.3
404,2021-04-26,104.93
404,2021-05-21,138.26
404,2021-06-17,261.17
404,2021-07-12,171.99
404,2021-08-03,431.65
404,2021-09-07,242.14
404,2021-10-08,401.79
404,2021-11-03,294.5
405,2021-01-28,343.95
405,2021-02-21,343.25
405,2021-03-19,337.85
405,2021-04-29,471.74
405,2021-05-29,413.31
406,2021-02-10,165.13
406,2021-03-18,341.82
406,2021-04-15,247.18
406,2021-05-21,489.35
406,2021-06-19,438.31
406,2021-07-12,185.94
407,2021-01-31,430.82
407,2021-03-05,72.01
407,2021-03-30,287.17
407,2021-04-29,79.61
407,2021-05-30,355.35
407,2021-06-23,453.49
407,2021-07-22,222.96
408,2021-01-21,59.18
409,2021-01-29,432.42
409,2021-02-28,447.79
409,2021-04-04,105.13
410,2021-02-02,105.88
410,2021-02-26,486.76
411,2021-01-26,214.95
411,2021-03-03,284.06
412,2021-02-06,496.95
412,2021-03-01,367.16
412,2021-03-30,476.72
412,2021-04-25,419.14
412,2021-05-22,452.42
412,2021-06-17,409.07
412,2021-07-20,234.99
413,2021-02-09,248.75
413,2021-03-10,184.16
413,2021-04-09,133.24
413,2021-05-14,350.39
413,2021-06-12,387.05
414,2021-01-26,22.91
414,2021-02-19,372.17
414,2021-03-18,165.82
415,2021-02-01,327.0
416,2021-02-07,384.48
417,2021-01-30,285.7
418,2021-01-27,430.56
418,2021-02-24,161.78
418,2021-03-30,485.94
419,2021-02-01,448.87
419,2021-02-28,403.31
419,2021-04-07,78.37
419,2021-05-06,390.62
419,2021-06-02,316.66
420,2021-01-31,334.04
421,2021-02-01,180.65
422,2021-02-02,446.81
422,2021-02-27,425.36
422,2021-04-02,496.37
422,2021-04-30,342.9
422,2021-06-03,468.98
422,2021-07-04,415.21
422,2021-08-15,423.77
423,2021-01-30,11.66
423,2021-02-28,130.19
424,2021-02-02,478.0
424,2021-03-04,104.58
424,2021-04-07,442.54
424,2021-05-06,406.64
424,2021-05-31,484.25
425,2021-01-22,281.96
425,2021-02-22,150.73
426,2021-01-26,246.4
426,2021-02-28,302.7
426,2021-03-29,241.51
426,2021-04-26,352.17
426,2021-05-28,222.51
426,2021-07-02,109.11
426,2021-07-26,114.83
426,2021-08-20,12.84
426,2021-09-20,157.47
426,2021-10-19,376.97
426,2021-11-20,399.14
426,2021-12-13,109.21
426,2022-01-16,479.93
426,2022-02-02,256.18
426,2022-02-27,459.32
426,2022-03-30,356.31
427,2021-01-24,328.93
427,2021-02-21,242.87
427,2021-03-14,428.76
427,2021-04-09,240.97
427,2021-05-10,435.63
427,2021-06-12,152.87
427,2021-07-15,73.12
427,2021-08-14,429.1
427,2021-09-06,297.83
427,2021-10-13,445.66
427,2021-11-04,469.54
427,2021-12-05,36.28
428,2021-01-24,258.19
428,2021-03-07,52.05
429,2021-02-01,149.42
429,2021-02-28,411.42
429,2021-03-22,49.15
429,2021-04-12,429.19
429,2021-05-12,55.03
430,2021-01-28,329.15
430,2021-03-04,109.21
430,2021-04-01,446.16
430,2021-05-07,430.93
431,2021-01-28,292.77
431,2021-02-22,437.74
432,2021-01-26,314.93
433,2021-01-25,114.78
433,2021-02-15,28.51
433,2021-03-15,31.08
433,2021-04-21,436.33
433,2021-05-21,342.41
433,2021-06-14,333.66
433,2021-07-17,311.17
433,2021-08-28,426.12
433,2021-10-01,245.33
433,2021-11-04,436.5
433,2021-12-07,186.13
433,2022-01-04,464.09
434,2021-02-02,199.34
434,2021-03-02,209.1
434,2021-04-15,91.75
434,2021-05-25,21.31
434,2021-06-22,75.36
434,2021-07-22,330.76
434,2021-08-14,403.12
434,2021-09-17,494.22
434,2021-10-19,179.72
434,2021-11-23,303.7
434,2022-01-02,469.2
434,2022-02-05,91.85
435,2021-01-29,270.24
436,2021-02-02,396.77
436,2021-03-13,270.84
436,2021-04-17,153.22
436,2021-05-16,331.33
436,2021-06-21,324.39
436,2021-07-17,112.65
436,2021-08-14,24.89
437,2021-01-29,364.01
438,2021-02-03,161.87
439,2021-01-29,112.29
439,2021-02-25,248.05
439,2021-03-30,52.13
439,2021-04-26,423.23
439,2021-05-23,361.82
440,2021-02-01,111.31
440,2021-02-22,314.6
440,2021-03-26,72.83
441,2021-02-02,22.16
441,2021-03-13,198.05
442,2021-02-03,269.26
442,2021-02-22,439.34
442,2021-04-02,236.62
442,2021-04-28,146.93
442,2021-05-30,123.17
442,2021-06-23,438.38
443,2021-02-07,158.28
443,2021-03-17,310.03
444,2021-01-24,483.24
444,2021-02-15,14.04
444,2021-03-13,441.06
444,2021-04-16,107.87
445,2021-02-04,234.45
446,2021-02-13,32.88
446,2021-03-05,473.14
446,2021-04-03,163.73
446,2021-05-08,226.87
446,2021-06-05,66.17
446,2021-07-06,420.09
447,2021-01-29,144.2
447,2021-03-07,302.84
447,2021-04-18,401.64
447,2021-05-25,75.36
448,2021-02-04,205.33
448,2021-03-03,68.62
448,2021-03-28,214.19
448,2021-05-06,45.65
448,2021-06-04,58.4
448,2021-07-03,213.8
448,2021-08-05,159.64
448,2021-09-06,463.52
448,2021-10-02,194.1
448,2021-10-29,381.35
448,2021-11-27,269.82
448,2022-01-02,355.0
448,2022-02-02,137.46
449,2021-01-31,432.27
449,2021-03-08,95.4
449,2021-04-17,314.72
449,2021-05-13,22.24
449,2021-06-11,205.76
449,2021-07-19,493.12
450,2021-02-02,308.84
450,2021-03-07,365.79
450,2021-03-26,164.09
450,2021-04-24,416.16
451,2021-01-29,499.67
451,2021-03-11,161.09
451,2021-04-15,443.4
451,2021-05-03,341.35
452,2021-02-07,357.57
452,2021-03-11,428.74
453,2021-01-22,202.55
454,2021-01-30,11.93
454,2021-03-13,252.78
454,2021-04-06,59.11
454,2021-05-09,379.64
454,2021-06-07,145.28
454,2021-07-06,227.39
455,2021-02-06,394.38
455,2021-03-16,342.57
455,2021-04-18,241.67
456,2021-01-26,419.87
457,2021-01-26,44.97
457,2021-02-22,382.67
457,2021-03-17,247.93
457,2021-04-05,178.02
458,2021-01-31,95.75
458,2021-03-08,445.95
458,2021-04-03,308.26
458,2021-05-01,475.64
458,2021-05-29,499.39
459,2021-02-06,174.99
460,2021-01-25,252.8
460,2021-02-23,62.24
460,2021-03-22,179.33
460,2021-04-22,82.71
460,2021-05-18,321.66
460,2021-06-08,475.25
461,2021-01-31,129.59
461,2021-02-28,66.0
461,2021-03-23,271.34
461,2021-04-17,430.42
461,2021-05-16,371.01
461,2021-06-17,115.65
461,2021-07-14,205.66
461,2021-08-07,258.87
462,2021-02-02,15.01
463,2021-01-27,496.08
463,2021-03-02,99.62
463,2021-04-08,240.42
463,2021-05-10,437.29
464,2021-01-23,24.79
465,2021-02-04,232.49
465,2021-03-09,402.59
465,2021-04-14,388.12
465,2021-05-25,460.57
466,2021-02-01,487.03
466,2021-03-11,151.09
467,2021-02-09,49.83
467,2021-03-22,20.21
468,2021-01-30,10.08
468,2021-03-01,361.94
469,2021-01-23,154.95
470,2021-01-31,464.01
471,2021-01-27,20.3
472,2021-01-25,73.18
472,2021-02-15,127.41
473,2021-02-13,136.29
473,2021-03-12,378.38
473,2021-04-10,56.54
474,2021-01-30,11.84
475,2021-02-12,480.41
476,2021-01-30,419.99
476,2021-02-26,95.53
476,2021-03-23,44.7
477,2021-02-01,224.17
477,2021-03-03,70.7
477,2021-04-03,286.58
477,2021-05-04,476.63
477,2021-06-01,398.57
477,2021-07-05,293.56
477,2021-07-29,326.93
477,2021-08-30,465.98
477,2021-09-29,219.89
478,2021-02-07,113.41
478,2021-03-10,46.42
479,2021-01-24,403.01
479,2021-02-17,396.59
479,2021-03-23,382.4
479,2021-04-27,181.01
479,2021-05-31,232.39
479,2021-06-24,301.53
479,2021-07-20,487.23
479,2021-08-09,170.5
480,2021-01-23,73.41
480,2021-02-27,133.32
480,2021-04-05,220.48
480,2021-05-08,248.85
480,2021-06-09,77.63
481,2021-02-01,306.71
481,2021-03-05,247.54
481,2021-04-05,61.83
481,2021-05-12,146.18
481,2021-06-14,446.25
482,2021-01-30,471.22
483,2021-01-28,383.72
484,2021-01-30,45.95
484,2021-02-21,105.96
485,2021-01-23,187.99
485,2021-03-02,309.21
485,2021-03-24,68.43
485,2021-05-03,462.78
485,2021-05-17,48.06
485,2021-06-21,465.7
485,2021-07-26,356.5
485,2021-08-26,171.56
485,2021-09-30,201.47
485,2021-10-28,373.0
486,2021-01-27,219.45
486,2021-02-22,211.07
487,2021-02-02,257.51
488,2021-02-03,297.81
488,2021-02-27,108.48
488,2021-03-28,397.14
489,2021-01-23,397.07
489,2021-02-27,41.48
489,2021-03-26,105.09
489,2021-04-24,331.51
490,2021-01-24,308.26
490,2021-02-20,84.8
491,2021-02-04,291.34
491,2021-03-06,255.37
492,2021-02-06,374.43
492,2021-03-01,268.75
493,2021-01-23,477.9
493,2021-02-27,246.84
493,2021-03-28,172.53
493,2021-04-30,98.93
493,2021-05-31,129.78
493,2021-07-08,418.1
494,2021-02-07,410.26
495,2021-02-05,116.66
496,2021-02-03,193.42
497,2021-01-26,120.87
498,2021-01-25,491.42
499,2021-02-02,299.92
499,2021-03-06,16.2
500,2021-02-03,344.65
500,2021-02-24,322.32
500,2021-04-07,441.85
500,2021-04-29,297.15
500,2021-05-31,391.51
500,2021-06-23,131.87
500,2021-07-25,342.31
501,2021-01-23,384.88
501,2021-02-19,474.48
501,2021-03-19,361.25
501,2021-04-27,441.92
501,2021-05-22,322.96
502,2021-01-31,137.92
502,2021-03-08,146.57
502,2021-04-15,455.59
503,2021-01-28,458.19
504,2021-01-26,110.0
504,2021-02-23,349.76
504,2021-03-28,459.35
504,2021-04-24,203.36
505,2021-02-01,379.07
505,2021-03-05,154.23
505,2021-04-03,384.02
505,2021-05-07,375.28
505,2021-05-27,130.46
505,2021-06-14,367.12
506,2021-02-03,419.62
506,2021-03-09,468.59
506,2021-04-12,77.11
507,2021-02-05,45.43
507,2021-03-01,374.45
507,2021-04-01,358.82
508,2021-02-01,170.33
509,2021-02-04,77.16
509,2021-03-06,94.87
509,2021-04-01,36.66
509,2021-04-25,331.76
510,2021-01-30,462.97
510,2021-03-02,383.54
510,2021-03-29,245.86
510,2021-04-30,343.23
510,2021-05-29,449.67
511,2021-01-29,397.87
512,2021-02-03,245.84
512,2021-03-11,302.36
513,2021-02-14,309.5
513,2021-03-09,467.3
514,2021-01-29,428.46
514,2021-02-26,290.1
515,2021-02-07,380.02
515,2021-03-04,403.84
515,2021-04-02,280.96
515,2021-05-16,249.39
515,2021-06-15,65.83
515,2021-07-09,51.14
515,2021-08-06,176.39
515,2021-09-04,162.31
515,2021-10-05,477.29
516,2021-02-08,93.24
516,2021-03-06,149.8
516,2021-04-12,148.49
516,2021-05-20,339.98
516,2021-06-26,18.99
516,2021-07-28,380.28
516,2021-09-03,140.02
516,2021-10-14,161.91
516,2021-11-12,268.68
516,2021-12-17,115.8
516,2022-01-16,443.39
516,2022-02-19,51.83
517,2021-02-08,126.2
517,2021-03-16,218.79
518,2021-01-20,487.42
518,2021-02-23,18.41
518,2021-03-22,474.35
518,2021-04-21,190.65
518,2021-05-19,14.94
518,2021-06-25,347.69
519,2021-02-02,29.61
519,2021-03-03,108.42
519,2021-04-05,101.14
520,2021-02-01,284.66
520,2021-03-09,490.85
520,2021-04-07,263.97
521,2021-01-27,276.68
521,2021-02-24,475.77
521,2021-03-27,316.44
521,2021-04-24,410.31
522,2021-01-26,484.74
523,2021-01-19,389.39
523,2021-02-13,359.16
524,2021-02-01,42.54
524,2021-02-26,280.4
525,2021-01-25,383.37
525,2021-03-07,138.78
525,2021-04-02,32.16
525,2021-04-24,10.92
525,2021-05-26,181.82
526,2021-01-23,203.88
527,2021-01-26,101.7
527,2021-02-24,257.05
527,2021-03-17,426.08
528,2021-01-31,12.35
529,2021-02-03,463.99
530,2021-02-08,211.81
531,2021-01-26,165.37
531,2021-03-11,274.36
531,2021-04-03,348.55
531,2021-05-06,216.46
531,2021-06-06,428.47
531,2021-07-05,388.06
531,2021-07-30,41.69
531,2021-08-26,314.35
531,2021-09-29,125.31
531,2021-11-02,283.18
531,2021-11-26,478.88
531,2021-12-28,440.74
532,2021-01-28,263.23
532,2021-03-03,114.59
533,2021-01-31,202.45
533,2021-02-24,184.71
533,2021-03-18,418.1
533,2021-04-25,31.73
533,2021-05-22,161.13
533,2021-06-24,342.91
533,2021-07-20,287.07
533,2021-08-13,223.78
533,2021-09-19,274.57
533,2021-10-26,106.82
534,2021-02-04,196.91
534,2021-03-13,184.52
535,2021-02-07,313.41
536,2021-01-25,41.27
536,2021-02-23,171.88
536,2021-03-19,123.26
537,2021-01-29,178.99
538,2021-01-26,436.18
539,2021-01-27,495.38
539,2021-03-12,147.39
539,2021-04-18,488.02
539,2021-05-22,99.44
539,2021-06-19,186.94
539,2021-07-13,378.91
539,2021-08-20,332.31
539,2021-09-25,294.75
540,2021-01-28,55.05
541,2021-01-31,224.42
542,2021-01-22,37.43
542,2021-02-16,69.3
543,2021-02-04,279.34
544,2021-01-27,59.77
544,2021-03-07,180.04
544,2021-04-03,273.74
544,2021-05-01,407.53
544,2021-05-28,116.06
544,2021-06-22,403.44
544,2021-07-23,205.82
545,2021-02-01,467.43
545,2021-02-26,268.11
545,2021-04-04,273.54
546,2021-01-26,125.16
546,2021-02-19,216.78
547,2021-02-11,82.5
547,2021-03-12,195.3
548,2021-01-31,128.42
548,2021-03-01,10.69
548,2021-03-31,284.38
548,2021-05-02,299.42
548,2021-06-01,486.3
548,2021-06-23,187.12
548,2021-07-26,203.13
548,2021-08-24,108.88
548,2021-09-23,44.56
548,2021-10-24,388.67
548,2021-11-27,132.34
548,2021-12-30,308.36
549,2021-01-25,150.41
550,2021-01-31,473.97
550,2021-02-26,152.94
550,2021-03-22,120.97
551,2021-01-30,282.88
551,2021-02-21,395.66
552,2021-02-05,176.71
553,2021-01-22,48.6
553,2021-02-24,145.68
554,2021-01-30,300.3
554,2021-03-06,381.79
555,2021-01-29,357.47
555,2021-02-24,51.53
556,2021-02-01,204.01
556,2021-03-11,143.02
556,2021-04-10,152.91
557,2021-01-27,371.37
557,2021-02-18,72.79
557,2021-03-22,260.93
557,2021-04-11,146.74
557,2021-05-09,88.97
557,2021-06-14,218.88
558,2021-01-27,439.18
559,2021-02-03,312.84
560,2021-01-31,110.27
560,2021-03-14,344.59
560,2021-04-15,384.56
560,2021-05-24,421.53
561,2021-02-06,294.31
561,2021-03-17,445.17
561,2021-04-11,242.03
562,2021-01-27,417.47
562,2021-02-20,299.81
563,2021-02-05,113.33
563,2021-02-28,126.98
564,2021-01-21,303.85
564,2021-02-17,172.76
564,2021-03-29,14.51
564,2021-05-08,108.11
564,2021-06-02,65.48
564,2021-07-10,422.93
565,2021-02-01,388.54
565,2021-03-10,140.08
565,2021-04-09,112.28
565,2021-04-29,472.69
565,2021-05-29,19.46
565,2021-06-26,483.04
565,2021-08-04,83.14
566,2021-01-23,84.87
566,2021-03-02,317.16
566,2021-04-06,46.07
566,2021-05-06,102.95
567,2021-01-26,402.31
567,2021-03-03,486.36
567,2021-04-02,115.23
567,2021-04-29,101.59
567,2021-05-30,232.92
567,2021-07-09,376.4
567,2021-08-09,147.98
567,2021-09-09,19.74
568,2021-02-03,158.7
569,2021-02-02,24.11
569,2021-02-28,213.27
569,2021-03-28,222.44
569,2021-04-30,238.92
569,2021-05-22,355.36
570,2021-02-01,62.55
570,2021-03-05,55.36
570,2021-03-28,359.18
570,2021-05-04,44.1
570,2021-06-07,253.22
570,2021-07-09,241.63
571,2021-02-07,164.44
571,2021-02-27,438.84
572,2021-01-30,85.28
572,2021-03-07,384.56
573,2021-02-02,479.78
573,2021-03-14,145.81
574,2021-01-30,10.85
574,2021-03-02,57.86
575,2021-01-30,116.45
575,2021-03-01,41.92
575,2021-04-09,392.31
575,2021-05-02,380.38
575,2021-06-07,408.68
575,2021-07-11,12.2
575,2021-08-07,255.6
575,2021-08-31,355.37
575,2021-09-25,86.15
575,2021-10-30,328.4
575,2021-12-01,51.21
575,2021-12-30,98.85
575,2022-01-25,243.14
576,2021-02-02,440.19
576,2021-03-08,49.12
577,2021-01-29,127.85
577,2021-02-21,160.27
578,2021-01-24,188.3
579,2021-01-28,159.24
579,2021-03-11,27.46
579,2021-04-17,468.47
579,2021-05-24,297.2
579,2021-06-23,156.09
579,2021-07-29,83.08
580,2021-01-19,310.21
580,2021-02-18,404.99
581,2021-02-04,196.48
581,2021-03-07,387.0
582,2021-01-28,372.75
582,2021-02-24,387.31
582,2021-03-26,484.82
582,2021-05-03,388.97
582,2021-05-31,129.24
583,2021-01-22,285.28
583,2021-02-21,16.67
583,2021-03-19,211.83
584,2021-02-04,360.68
585,2021-01-19,239.52
586,2021-01-29,309.65
586,2021-02-27,127.34
586,2021-04-05,435.03
586,2021-05-02,170.28
586,2021-06-07,171.24
586,2021-07-07,303.12
587,2021-02-02,211.64
587,2021-03-08,100.08
587,2021-04-05,471.29
587,2021-05-08,270.85
587,2021-05-27,427.65
587,2021-06-25,177.63
587,2021-08-02,174.29
588,2021-01-29,143.15
588,2021-03-01,386.29
588,2021-04-01,427.93
588,2021-04-24,391.66
589,2021-02-01,412.96
589,2021-03-01,277.68
589,2021-04-08,117.03
589,2021-05-16,275.78
589,2021-06-12,191.84
589,2021-07-17,351.77
589,2021-08-18,243.14
589,2021-09-15,419.7
589,2021-10-15,342.26
589,2021-11-16,345.43
589,2021-12-24,116.41
590,2021-02-02,141.76
590,2021-03-11,37.45
590,2021-04-04,210.24
590,2021-05-09,35.77
590,2021-06-08,279.74
590,2021-06-30,160.57
590,2021-07-27,271.47
590,2021-08-24,75.81
590,2021-09-28,466.99
590,2021-10-25,448.32
590,2021-11-19,103.1
590,2021-12-20,178.29
590,2022-01-20,310.61
591,2021-02-16,341.6
592,2021-01-30,495.79
592,2021-02-28,129.63
593,2021-02-08,18.28
593,2021-03-20,245.05
593,2021-04-26,430.87
593,2021-06-01,448.96
594,2021-01-30,258.77
594,2021-03-04,349.3
594,2021-03-30,318.79
594,2021-04-22,403.84
594,2021-05-18,231.48
594,2021-07-04,264.35
594,2021-08-03,407.1
594,2021-09-01,219.57
594,2021-09-28,353.78
594,2021-10-24,222.96
595,2021-02-01,239.48
595,2021-03-04,432.3
595,2021-04-07,256.98
596,2021-02-04,43.61
596,2021-03-05,273.32
596,2021-03-29,88.46
596,2021-05-02,13.79
596,2021-06-04,217.33
596,2021-06-29,77.24
596,2021-07-28,88.65
596,2021-09-05,47.69
596,2021-09-26,110.5
597,2021-02-02,179.07
597,2021-03-09,77.4
597,2021-04-08,499.15
597,2021-05-17,34.1
597,2021-06-15,226.16
597,2021-07-08,231.53
597,2021-08-04,157.31
597,2021-09-01,289.96
597,2021-09-26,83.49
598,2021-01-29,30.75
598,2021-03-07,283.82
598,2021-04-11,276.84
598,2021-05-09,110.56
598,2021-06-08,350.71
599,2021-02-03,35.11
599,2021-03-06,344.65
599,2021-04-09,133.03
600,2021-01-26,492.35
601,2021-01-27,390.17
601,2021-03-03,51.15
601,2021-03-30,446.25
601,2021-04-27,241.17
601,2021-05-29,374.49
601,2021-06-27,78.62
601,2021-07-27,338.65
601,2021-08-28,125.8
601,2021-09-20,224.81
601,2021-10-20,18.26
602,2021-02-10,130.02
602,2021-03-12,59.07
602,2021-04-01,405.67
602,2021-04-30,76.27
603,2021-01-31,415.32
603,2021-03-05,338.58
603,2021-03-24,448.25
603,2021-04-13,38.02
603,2021-05-06,302.51
603,2021-06-13,288.83
604,2021-02-09,141.98
604,2021-03-03,411.47
605,2021-01-26,173.39
605,2021-02-21,226.34
606,2021-02-01,63.19
607,2021-01-21,389.61
608,2021-02-21,129.07
609,2021-01-31,455.0
609,2021-03-07,272.4
610,2021-01-24,234.33
610,2021-03-03,194.14
610,2021-04-11,293.05
611,2021-01-27,106.38
612,2021-02-03,49.16
612,2021-03-04,10.27
612,2021-03-28,308.08
613,2021-01-30,348.78
613,2021-02-26,169.66
614,2021-02-02,496.76
614,2021-03-14,352.38
615,2021-02-04,355.89
615,2021-03-01,202.9
615,2021-03-31,143.61
615,2021-05-01,11.66
615,2021-06-06,362.72
615,2021-07-05,418.57
616,2021-02-05,167.87
616,2021-03-05,16.57
616,2021-03-23,423.26
616,2021-04-28,471.49
616,2021-05-27,331.22
616,2021-06-20,123.4
616,2021-07-20,133.35
616,2021-08-25,238.63
616,2021-09-19,449.94
617,2021-02-03,423.95
618,2021-02-08,228.21
618,2021-03-14,39.58
618,2021-04-13,400.82
618,2021-05-16,27.15
618,2021-06-25,353.32
618,2021-07-15,21.23
618,2021-08-15,432.53
619,2021-01-30,318.64
619,2021-03-01,373.0
619,2021-04-07,419.86
619,2021-05-08,36.82
619,2021-06-05,390.26
619,2021-07-07,310.72
620,2021-02-02,103.43
620,2021-03-08,280.83
620,2021-04-14,209.64
620,2021-05-17,201.12
621,2021-02-03,153.09
621,2021-03-03,391.28
622,2021-02-06,400.81
623,2021-01-27,406.27
623,2021-02-28,250.66
623,2021-03-29,160.35
623,2021-05-02,59.95
623,2021-06-03,40.73
624,2021-01-26,232.05
624,2021-02-25,438.21
625,2021-02-11,279.95
626,2021-02-02,423.06
626,2021-02-24,375.98
627,2021-02-05,443.05
627,2021-03-08,63.16
627,2021-04-03,219.89
627,2021-04-30,237.71
627,2021-05-29,489.03
627,2021-07-02,342.22
627,2021-08-03,209.55
628,2021-01-25,126.15
629,2021-01-29,250.05
630,2021-02-02,156.36
630,2021-03-10,68.43
630,2021-04-18,210.45
630,2021-05-22,23.97
630,2021-07-01,113.42
630,2021-08-08,221.92
630,2021-09-07,215.12
630,2021-10-07,31.7
630,2021-11-08,298.64
631,2021-02-05,56.88
631,2021-02-23,28.58
631,2021-03-23,233.84
631,2021-04-20,414.67
631,2021-05-16,163.41
631,2021-06-14,198.24
631,2021-07-23,455.64
631,2021-08-27,420.08
632,2021-01-25,498.41
632,2021-02-25,58.49
632,2021-03-18,344.49
632,2021-04-26,133.89
633,2021-02-05,43.58
633,2021-03-13,435.32
633,2021-04-10,398.37
633,2021-05-02,291.57
633,2021-06-02,51.0
633,2021-06-24,143.92
633,2021-08-01,155.88
633,2021-09-04,284.76
633,2021-09-23,136.44
634,2021-02-01,27.19
634,2021-03-01,329.19
634,2021-04-04,272.1
634,2021-05-03,235.08
634,2021-05-27,454.74
634,2021-06-22,92.26
634,2021-07-23,14.74
634,2021-08-19,45.93
635,2021-02-03,467.59
636,2021-01-21,170.17
636,2021-02-16,445.3
636,2021-03-11,22.52
636,2021-04-20,209.1
636,2021-05-12,25.39
636,2021-06-07,191.75
636,2021-07-17,94.59
636,2021-08-13,133.59
637,2021-01-26,87.99
637,2021-02-17,332.16
637,2021-03-23,436.37
637,2021-04-11,447.29
637,2021-05-12,325.43
637,2021-06-09,267.49
637,2021-07-07,172.38
637,2021-08-06,490.2
637,2021-09-04,166.65
638,2021-02-04,265.8
638,2021-03-05,196.18
638,2021-03-30,31.88
639,2021-01-31,226.16
640,2021-01-26,40.95
640,2021-03-01,141.2
640,2021-04-06,290.23
640,2021-05-04,482.7
640,2021-05-27,439.02
640,2021-06-30,439.21
640,2021-08-03,96.27
640,2021-09-01,139.8
640,2021-09-24,47.43
640,2021-10-14,391.45
641,2021-01-27,31.94
641,2021-02-24,275.66
641,2021-03-26,18.48
641,2021-05-02,391.48
642,2021-02-11,124.69
643,2021-01-30,394.79
643,2021-03-10,351.6
643,2021-04-09,183.79
643,2021-05-20,444.83
643,2021-07-04,488.16
644,2021-01-27,216.4
644,2021-02-28,418.78
645,2021-01-27,286.27
646,2021-02-03,319.55
646,2021-03-06,384.68
647,2021-01-30,175.98
647,2021-02-22,211.76
647,2021-03-22,57.48
647,2021-04-12,125.59
647,2021-05-08,35.3
647,2021-06-06,498.16
647,2021-07-08,370.91
647,2021-08-08,52.85
647,2021-09-10,19.92
648,2021-02-13,166.98
648,2021-03-12,105.93
648,2021-04-21,408.4
648,2021-05-15,423.95
648,2021-06-08,136.72
648,2021-07-13,169.57
648,2021-08-06,125.76
648,2021-09-07,455.11
649,2021-02-01,190.6
650,2021-01-26,356.35
650,2021-02-20,469.36
651,2021-01-28,285.6
651,2021-03-03,70.64
651,2021-04-02,49.22
652,2021-01-28,108.95
652,2021-02-23,85.79
652,2021-03-27,246.03
652,2021-04-15,269.34
652,2021-05-14,474.98
653,2021-01-28,212.4
654,2021-02-07,107.63
655,2021-02-02,424.88
655,2021-03-07,87.45
655,2021-04-10,20.6
655,2021-05-06,394.6
655,2021-06-07,46.65
655,2021-07-12,494.38
655,2021-08-14,340.65
655,2021-09-16,379.19
655,2021-10-12,130.44
655,2021-11-20,340.19
656,2021-02-01,170.9
656,2021-03-09,217.94
657,2021-02-15,222.0
657,2021-03-14,175.68
657,2021-04-11,70.08
658,2021-01-29,97.08
658,2021-02-23,395.69
658,2021-03-24,419.57
658,2021-04-30,277.14
658,2021-06-09,281.68
659,2021-01-29,88.29
659,2021-02-26,197.69
659,2021-04-01,86.21
659,2021-04-19,482.21
660,2021-02-05,448.97
660,2021-03-15,374.8
660,2021-04-11,61.76
661,2021-01-29,142.73
662,2021-02-02,290.56
662,2021-03-02,174.57
662,2021-04-16,99.15
662,2021-05-11,168.73
662,2021-06-10,34.15
663,2021-01-31,180.76
663,2021-02-26,413.1
663,2021-03-28,327.73
663,2021-04-27,152.08
664,2021-01-31,115.6
665,2021-02-01,203.59
665,2021-03-07,465.94
665,2021-04-08,316.89
666,2021-01-31,393.21
667,2021-01-24,33.39
667,2021-02-23,396.8
667,2021-03-25,271.21
667,2021-05-04,293.29
667,2021-05-31,35.77
667,2021-06-28,135.1
667,2021-08-01,322.79
668,2021-02-09,461.84
668,2021-03-17,96.79
668,2021-04-10,268.89
668,2021-05-04,403.75
668,2021-06-05,115.57
668,2021-07-05,268.41
669,2021-02-02,164.06
670,2021-02-01,80.28
670,2021-03-06,92.19
671,2021-02-12,344.07
672,2021-01-26,62.29
672,2021-02-15,279.5
673,2021-02-03,141.59
673,2021-03-11,221.39
673,2021-04-13,195.59
673,2021-05-10,320.34
673,2021-06-05,408.44
674,2021-01-31,221.98
675,2021-01-30,187.41
675,2021-02-25,468.34
675,2021-03-27,432.67
675,2021-04-29,149.92
676,2021-02-08,230.81
676,2021-03-05,172.43
677,2021-01-27,29.67
677,2021-02-28,91.71
678,2021-01-29,68.89
679,2021-01-26,374.51
679,2021-02-27,241.98
679,2021-04-01,154.45
679,2021-05-01,402.95
680,2021-01-29,147.84
680,2021-02-24,446.08
681,2021-02-01,77.01
682,2021-01-29,79.1
682,2021-03-10,488.89
682,2021-04-01,298.01
682,2021-04-28,259.79
682,2021-06-01,266.35
682,2021-06-30,115.48
682,2021-07-27,362.16
682,2021-08-29,51.54
682,2021-09-27,290.93
682,2021-10-27,289.68
683,2021-01-31,119.86
683,2021-03-12,340.09
684,2021-02-07,453.19
684,2021-03-11,288.62
684,2021-04-05,392.37
684,2021-05-04,399.28
685,2021-02-04,247.34
685,2021-03-13,291.19
685,2021-04-16,82.22
685,2021-05-24,169.04
685,2021-06-14,210.94
685,2021-07-10,406.02
685,2021-08-03,387.38
686,2021-02-02,450.15
686,2021-03-07,485.78
686,2021-04-04,337.04
686,2021-05-06,486.24
686,2021-06-11,417.91
686,2021-07-07,142.71
686,2021-08-07,219.44
687,2021-01-30,397.35
687,2021-02-24,287.63
687,2021-03-20,364.74
687,2021-04-18,215.07
687,2021-05-10,196.93
688,2021-02-03,432.4
689,2021-01-24,208.08
689,2021-02-23,390.3
689,2021-03-27,477.18
689,2021-05-01,48.68
690,2021-01-25,398.83
690,2021-02-21,168.84
690,2021-03-27,255.93
690,2021-04-24,315.71
690,2021-05-20,123.77
690,2021-06-18,362.16
690,2021-07-18,278.08
690,2021-08-15,228.92
690,2021-09-06,406.79
690,2021-10-04,129.31
691,2021-01-30,54.03
692,2021-01-31,310.58
692,2021-03-02,24.59
692,2021-03-30,257.03
693,2021-01-26,181.6
693,2021-02-28,388.23
693,2021-03-29,315.02
693,2021-05-01,243.23
693,2021-06-05,391.89
693,2021-06-28,125.23
693,2021-07-24,379.27
693,2021-08-25,434.03
693,2021-10-03,440.52
693,2021-10-28,394.0
693,2021-11-23,209.93
693,2021-12-18,491.09
693,2022-01-12,196.0
694,2021-02-05,249.95
695,2021-02-09,272.16
696,2021-02-02,245.98
697,2021-01-24,78.42
698,2021-02-12,200.2
699,2021-01-29,299.67
699,2021-02-28,447.19
699,2021-04-07,353.02
700,2021-01-31,420.86
700,2021-02-20,100.74
700,2021-03-22,281.87
700,2021-04-28,363.89
700,2021-05-18,452.95
700,2021-06-28,443.12
700,2021-08-07,259.28
700,2021-09-07,325.15
701,2021-01-30,255.57
701,2021-03-01,190.76
701,2021-03-29,61.75
701,2021-04-24,368.8
701,2021-05-26,167.3
701,2021-06-16,140.01
701,2021-07-21,329.64
701,2021-08-12,283.92
701,2021-09-01,187.58
702,2021-01-25,201.88
702,2021-03-01,46.67
702,2021-03-24,242.82
703,2021-01-29,307.9
703,2021-03-12,475.06
704,2021-01-30,479.57
704,2021-02-28,428.79
704,2021-03-30,48.46
704,2021-04-29,362.7
705,2021-02-09,358.5
705,2021-03-11,359.07
705,2021-04-03,66.58
705,2021-05-03,289.42
706,2021-02-03,151.07
706,2021-03-21,453.95
706,2021-04-23,186.32
707,2021-01-23,151.63
707,2021-02-21,182.14
707,2021-03-15,178.02
707,2021-04-21,170.07
708,2021-02-10,275.3
709,2021-02-03,337.58
709,2021-03-02,424.1
710,2021-02-01,171.84
711,2021-01-28,486.23
711,2021-02-25,361.49
711,2021-04-02,418.68
712,2021-01-23,359.99
712,2021-02-18,116.7
712,2021-03-18,96.55
712,2021-04-19,185.58
712,2021-05-15,330.11
712,2021-06-13,124.66
712,2021-07-09,99.99
712,2021-08-02,14.88
712,2021-09-03,241.11
712,2021-10-05,220.04
712,2021-11-10,124.6
712,2021-12-09,36.29
713,2021-01-30,498.32
713,2021-03-07,280.25
713,2021-04-08,353.23
714,2021-01-28,343.06
714,2021-03-12,61.4
714,2021-04-12,437.33
714,2021-05-12,263.16
714,2021-06-16,198.72
714,2021-07-10,37.93
714,2021-08-09,196.58
714,2021-09-06,452.57
714,2021-10-08,20.28
715,2021-02-09,192.18
715,2021-03-09,312.83
715,2021-04-16,291.97
715,2021-05-17,203.18
715,2021-06-21,160.27
715,2021-07-19,209.44
715,2021-08-18,291.22
715,2021-09-23,219.79
715,2021-10-30,139.15
716,2021-02-11,412.55
716,2021-03-09,326.39
716,2021-04-06,207.19
716,2021-05-12,241.24
716,2021-06-04,361.2
716,2021-07-05,439.39
716,2021-07-29,143.39
716,2021-08-27,177.62
716,2021-09-20,466.06
716,2021-10-19,293.47
716,2021-11-25,97.69
716,2021-12-29,335.21
716,2022-02-01,495.47
717,2021-01-20,360.46
718,2021-01-31,25.07
718,2021-02-26,467.84
718,2021-03-27,82.39
718,2021-04-29,406.73
718,2021-05-28,413.37
718,2021-06-30,357.27
719,2021-02-04,342.06
719,2021-03-08,170.82
719,2021-04-14,239.21
719,2021-05-16,344.05
720,2021-01-24,294.3
720,2021-02-23,77.51
720,2021-03-21,30.45
721,2021-01-22,449.0
721,2021-02-17,177.36
721,2021-03-28,161.56
721,2021-05-02,366.11
721,2021-05-26,159.3
721,2021-06-24,35.95
721,2021-07-23,193.07
721,2021-08-20,363.52
721,2021-09-27,170.21
722,2021-01-30,164.73
723,2021-01-26,441.95
723,2021-03-07,458.49
724,2021-01-26,36.42
724,2021-02-23,290.92
724,2021-03-20,347.41
724,2021-04-24,169.81
724,2021-05-23,310.66
724,2021-06-09,35.56
724,2021-07-13,58.65
724,2021-08-08,353.86
725,2021-01-26,361.21
725,2021-03-01,156.85
726,2021-01-27,284.72
727,2021-01-28,470.32
727,2021-02-25,278.78
728,2021-02-02,243.03
728,2021-03-07,429.78
728,2021-04-19,280.47
729,2021-02-03,480.39
729,2021-02-26,386.36
729,2021-03-22,111.96
729,2021-04-20,198.25
729,2021-05-24,276.57
729,2021-06-21,310.36
729,2021-07-26,239.41
729,2021-08-28,406.96
729,2021-09-30,386.13
729,2021-10-26,257.53
729,2021-11-19,428.67
729,2021-12-24,378.03
729,2022-01-22,391.51
730,2021-02-02,318.82
730,2021-02-25,185.92
731,2021-02-06,370.76
731,2021-03-10,368.79
731,2021-04-23,90.92
731,2021-05-27,478.76
732,2021-02-01,442.74
733,2021-01-26,302.73
733,2021-03-11,346.42
734,2021-02-04,283.91
734,2021-03-10,335.22
734,2021-04-11,40.59
734,2021-05-10,436.85
734,2021-06-04,100.72
734,2021-07-01,120.43
734,2021-07-30,334.06
735,2021-02-06,192.66
736,2021-02-01,343.78
736,2021-03-04,192.61
736,2021-04-04,369.32
736,2021-05-01,208.68
736,2021-06-08,317.53
736,2021-07-10,387.23
736,2021-08-02,278.63
737,2021-02-06,203.69
738,2021-02-08,264.31
739,2021-01-25,368.25
740,2021-02-07,187.29
741,2021-02-04,352.58
741,2021-03-06,146.85
741,2021-03-29,173.7
741,2021-05-01,277.93
741,2021-05-24,60.18
741,2021-06-26,324.92
741,2021-07-30,169.32
741,2021-09-01,320.03
741,2021-09-25,418.66
741,2021-10-30,93.84
741,2021-11-18,466.13
742,2021-01-29,480.18
742,2021-03-02,369.02
743,2021-02-01,381.99
743,2021-03-03,303.4
743,2021-04-02,480.95
743,2021-04-25,103.88
743,2021-05-27,472.26
744,2021-02-03,363.61
745,2021-01-29,432.36
745,2021-03-03,311.94
745,2021-03-31,464.81
745,2021-04-26,255.03
745,2021-06-01,445.63
745,2021-06-18,232.49
745,2021-07-17,145.84
745,2021-08-06,459.04
745,2021-09-14,200.09
745,2021-09-28,256.67
745,2021-10-28,171.14
746,2021-02-03,391.95
746,2021-03-04,404.23
746,2021-04-08,412.85
746,2021-05-11,241.73
746,2021-06-15,104.32
746,2021-07-12,58.86
747,2021-01-23,119.82
747,2021-02-28,62.01
747,2021-03-26,477.41
747,2021-04-21,146.5
747,2021-05-17,227.51
747,2021-06-07,450.32
748,2021-02-08,488.29
748,2021-03-22,164.38
748,2021-04-22,220.17
748,2021-05-27,144.63
748,2021-06-15,293.89
748,2021-07-13,38.73
749,2021-02-03,210.18
749,2021-03-14,318.61
749,2021-04-10,172.77
750,2021-02-01,243.71
750,2021-03-05,184.55
751,2021-01-30,132.75
751,2021-03-03,183.33
751,2021-03-31,372.35
751,2021-04-20,252.18
752,2021-02-09,342.79
753,2021-02-01,328.33
753,2021-02-24,103.76
753,2021-03-22,211.84
753,2021-04-27,93.44
753,2021-05-29,20.79
754,2021-01-29,434.03
754,2021-03-04,412.99
755,2021-01-22,450.15
756,2021-01-29,48.95
757,2021-02-04,15.93
758,2021-02-01,341.8
759,2021-01-29,497.58
759,2021-03-10,340.09
759,2021-04-06,43.74
759,2021-05-06,67.68
759,2021-06-03,458.89
759,2021-06-26,318.73
759,2021-08-06,423.16
760,2021-01-30,416.14
760,2021-02-28,462.68
760,2021-03-22,321.39
760,2021-04-21,61.88
761,2021-02-03,331.45
762,2021-02-02,282.74
762,2021-03-05,422.96
762,2021-04-03,84.89
763,2021-01-27,69.96
763,2021-03-02,403.04
763,2021-03-25,394.21
763,2021-05-02,20.58
763,2021-06-01,197.92
763,2021-06-27,43.7
763,2021-07-20,398.13
763,2021-08-18,371.26
764,2021-02-04,365.97
764,2021-03-02,246.13
764,2021-04-10,267.54
764,2021-05-11,78.08
764,2021-06-11,458.2
764,2021-07-08,465.07
764,2021-08-14,344.88
764,2021-09-25,18.64
764,2021-10-27,273.17
764,2021-11-19,318.32
764,2021-12-21,497.38
764,2022-02-03,498.07
764,2022-03-05,430.23
764,2022-04-08,41.28
764,2022-05-05,477.11
765,2021-02-07,209.85
765,2021-03-02,214.08
765,2021-03-26,483.09
765,2021-05-03,303.61
765,2021-06-05,321.47
765,2021-06-30,359.49
765,2021-08-08,387.32
766,2021-02-12,473.2
766,2021-03-15,16.74
766,2021-04-18,277.54
766,2021-05-14,47.04
766,2021-06-10,150.33
766,2021-07-11,53.17
766,2021-08-05,431.17
766,2021-09-22,299.62
766,2021-10-20,452.03
767,2021-02-05,427.55
767,2021-03-02,367.91
767,2021-03-23,352.32
767,2021-04-19,176.44
768,2021-02-05,451.81
768,2021-03-11,277.37
769,2021-02-01,152.98
769,2021-02-28,258.69
769,2021-03-30,177.65
769,2021-05-04,288.5
770,2021-02-10,198.17
770,2021-03-05,315.4
770,2021-04-02,225.62
770,2021-04-23,202.3
770,2021-05-22,286.72
770,2021-06-29,128.5
770,2021-07-23,48.66
770,2021-08-21,21.96
770,2021-09-14,133.12
771,2021-02-08,153.28
771,2021-03-08,434.66
771,2021-03-31,176.33
771,2021-04-20,70.61
772,2021-01-28,187.16
772,2021-02-26,371.59
772,2021-03-27,373.21
772,2021-04-24,307.46
772,2021-05-28,152.82
772,2021-06-30,463.33
772,2021-08-02,280.42
773,2021-02-04,463.81
774,2021-02-02,81.96
774,2021-03-03,101.02
774,2021-04-05,170.82
774,2021-05-02,447.07
775,2021-01-30,285.54
776,2021-01-22,44.73
776,2021-03-01,166.76
776,2021-04-04,242.02
777,2021-01-19,191.71
778,2021-01-31,340.36
778,2021-02-24,346.26
779,2021-01-25,335.47
779,2021-02-19,302.86
779,2021-03-21,109.43
779,2021-05-02,219.84
779,2021-06-02,350.99
779,2021-07-02,273.25
779,2021-08-01,19.1
779,2021-08-21,477.24
779,2021-09-22,423.96
779,2021-10-15,137.67
779,2021-11-21,312.06
780,2021-01-20,210.48
781,2021-01-30,281.05
781,2021-02-27,171.06
782,2021-02-09,141.84
782,2021-03-07,353.19
783,2021-01-30,327.91
783,2021-03-01,164.44
783,2021-03-29,360.24
783,2021-04-29,487.81
783,2021-05-23,449.51
783,2021-06-17,152.88
784,2021-02-10,264.07
784,2021-03-15,169.07
785,2021-02-08,307.36
785,2021-03-10,406.08
786,2021-02-02,169.15
786,2021-03-06,466.7
786,2021-04-05,342.48
786,2021-05-13,415.05
786,2021-06-09,142.84
786,2021-07-07,276.46
786,2021-08-04,485.98
786,2021-09-02,166.16
787,2021-02-03,44.78
788,2021-02-04,277.43
788,2021-03-11,330.42
789,2021-01-24,305.86
789,2021-02-28,269.57
790,2021-01-28,175.73
790,2021-02-20,116.94
790,2021-03-21,437.01
790,2021-04-27,452.05
790,2021-05-19,176.1
790,2021-06-09,183.85
791,2021-02-12,291.94
791,2021-03-09,489.27
791,2021-04-04,413.25
791,2021-05-02,223.56
792,2021-02-02,498.28
793,2021-01-22,439.75
793,2021-02-23,32.94
793,2021-03-31,158.81
793,2021-04-21,227.23
793,2021-05-20,94.41
793,2021-06-16,367.7
793,2021-07-21,100.41
793,2021-08-21,179.85
793,2021-09-20,335.01
794,2021-01-28,364.87
794,2021-03-01,198.97
794,2021-03-28,45.96
794,2021-04-27,408.24
794,2021-05-19,294.02
795,2021-01-28,374.6
795,2021-03-08,483.25
795,2021-04-08,122.31
796,2021-01-27,240.02
796,2021-02-27,348.55
797,2021-01-31,42.86
797,2021-02-21,256.44
798,2021-01-30,185.1
798,2021-02-17,350.96
798,2021-03-21,477.08
798,2021-04-26,481.9
798,2021-06-05,282.3
798,2021-07-08,307.24
798,2021-08-04,101.0
799,2021-01-28,133.36
800,2021-02-10,124.32
800,2021-03-20,320.18
801,2021-02-12,74.21
801,2021-03-12,436.63
801,2021-04-16,21.34
801,2021-05-03,164.74
802,2021-01-29,33.2
802,2021-02-20,127.95
802,2021-03-11,179.27
802,2021-04-06,418.24
802,2021-05-08,189.53
803,2021-01-30,272.4
804,2021-02-11,405.93
804,2021-03-08,199.61
805,2021-02-12,65.48
805,2021-03-14,302.43
806,2021-02-05,29.66
806,2021-03-04,308.69
806,2021-04-05,361.46
806,2021-05-01,190.69
806,2021-05-31,115.55
806,2021-06-24,273.44
806,2021-07-31,418.26
806,2021-08-26,168.54
807,2021-02-02,437.94
807,2021-03-12,288.6
807,2021-04-12,198.7
807,2021-05-14,65.26
807,2021-06-18,473.92
807,2021-07-14,269.81
808,2021-02-06,491.87
809,2021-01-23,177.88
809,2021-02-21,21.18
809,2021-03-24,143.4
809,2021-04-29,432.38
809,2021-05-25,27.94
809,2021-06-25,223.71
810,2021-02-03,474.6
810,2021-03-14,446.64
810,2021-04-12,167.5
810,2021-05-14,208.94
810,2021-06-08,406.12
811,2021-01-29,103.89
811,2021-03-02,141.19
811,2021-04-07,148.33
812,2021-02-02,199.17
812,2021-03-06,226.84
813,2021-01-24,108.11
814,2021-02-07,111.01
814,2021-03-06,132.99
814,2021-04-10,97.69
814,2021-05-01,332.03
814,2021-05-29,497.27
814,2021-06-24,329.53
814,2021-07-13,307.27
814,2021-08-16,210.86
815,2021-01-31,78.46
815,2021-03-01,32.31
815,2021-04-03,275.25
815,2021-05-05,399.04
815,2021-06-13,309.1
815,2021-07-11,291.73
815,2021-08-13,343.51
816,2021-02-11,119.63
816,2021-03-16,231.56
816,2021-04-21,443.68
817,2021-02-03,200.81
817,2021-03-03,24.25
817,2021-04-05,466.18
817,2021-05-11,475.07
817,2021-06-10,475.08
817,2021-07-08,472.41
817,2021-08-06,409.47
817,2021-09-07,345.45
818,2021-01-22,35.29
819,2021-02-02,92.37
819,2021-02-27,369.82
819,2021-03-22,273.67
820,2021-01-29,143.55
820,2021-03-06,206.36
820,2021-03-29,244.3
821,2021-02-03,335.03
822,2021-01-30,437.49
822,2021-03-02,378.58
822,2021-04-01,123.67
822,2021-04-23,492.52
822,2021-05-22,256.12
822,2021-07-04,476.02
823,2021-01-27,77.02
823,2021-02-28,81.01
823,2021-03-27,60.58
823,2021-04-25,311.99
823,2021-05-21,66.63
823,2021-06-14,422.89
823,2021-07-20,496.55
823,2021-08-10,189.51
823,2021-09-07,232.3
823,2021-10-13,358.72
824,2021-01-26,467.61
824,2021-03-02,190.21
824,2021-04-05,346.15
825,2021-01-31,283.74
826,2021-01-31,483.68
827,2021-01-29,439.95
827,2021-03-04,155.43
828,2021-02-09,480.07
828,2021-03-10,95.9
828,2021-04-05,53.89
829,2021-01-28,357.77
829,2021-03-10,496.44
829,2021-04-11,371.01
829,2021-05-19,18.19
829,2021-06-16,253.17
829,2021-07-12,311.18
829,2021-08-03,347.94
829,2021-09-08,362.67
829,2021-10-10,283.47
830,2021-01-19,324.07
830,2021-02-19,409.51
830,2021-03-19,378.79
831,2021-02-02,280.25
831,2021-03-01,474.07
831,2021-03-31,46.63
831,2021-05-04,31.11
831,2021-06-06,86.71
831,2021-07-02,324.17
831,2021-08-09,205.51
831,2021-09-17,414.52
831,2021-10-18,45.25
831,2021-11-20,106.24
831,2021-12-17,157.01
831,2022-01-21,317.1
831,2022-02-10,345.73
832,2021-02-01,480.45
832,2021-02-28,280.57
832,2021-03-24,424.65
832,2021-04-28,166.71
832,2021-06-01,224.67
832,2021-07-14,240.5
832,2021-08-08,146.58
832,2021-09-08,196.1
833,2021-01-27,76.2
833,2021-02-21,335.19
833,2021-03-25,265.6
833,2021-05-03,89.3
833,2021-06-12,272.27
833,2021-07-11,457.22
833,2021-08-04,17.64
833,2021-09-12,324.89
833,2021-10-01,46.09
833,2021-11-03,13.16
833,2021-12-04,83.82
834,2021-02-06,486.37
834,2021-03-03,311.48
834,2021-04-04,90.53
835,2021-02-03,272.21
836,2021-01-26,93.73
836,2021-03-08,494.65
837,2021-01-20,157.48
837,2021-02-13,467.48
838,2021-02-04,20.6
839,2021-01-29,344.47
839,2021-03-06,492.25
840,2021-01-24,347.99
840,2021-02-22,15.25
840,2021-03-29,159.5
841,2021-02-01,186.34
842,2021-01-29,359.15
843,2021-02-01,474.45
843,2021-02-27,411.5
843,2021-04-04,280.68
843,2021-05-08,438.74
843,2021-06-04,494.79
843,2021-07-09,309.21
843,2021-08-07,310.32
843,2021-09-06,379.67
843,2021-10-11,123.75
843,2021-11-02,91.89
844,2021-02-08,334.53
844,2021-03-08,255.52
845,2021-02-01,438.73
845,2021-03-05,283.26
845,2021-04-10,172.24
845,2021-05-05,178.55
845,2021-06-08,152.22
846,2021-02-06,282.52
847,2021-01-22,264.89
847,2021-02-19,116.41
848,2021-02-04,186.92
848,2021-02-25,19.52
848,2021-03-24,498.58
848,2021-04-27,69.88
849,2021-01-28,375.86
849,2021-02-25,362.92
849,2021-03-27,333.16
849,2021-04-22,385.46
849,2021-05-19,291.79
849,2021-06-08,137.79
849,2021-07-08,457.06
849,2021-08-05,18.92
849,2021-08-27,189.62
849,2021-09-28,367.15
850,2021-01-28,143.75
851,2021-01-23,416.74
851,2021-02-26,93.74
851,2021-04-07,192.41
851,2021-05-04,304.17
851,2021-05-30,246.3
851,2021-07-02,107.34
852,2021-02-02,401.94
853,2021-02-06,167.71
853,2021-03-15,427.47
853,2021-04-20,196.73
853,2021-05-21,376.52
853,2021-06-18,95.85
853,2021-07-17,217.97
854,2021-01-25,290.8
854,2021-02-26,54.41
855,2021-02-02,305.68
856,2021-01-31,204.85
857,2021-02-01,416.04
858,2021-01-27,87.57
859,2021-02-04,484.68
859,2021-03-08,378.27
859,2021-03-29,87.84
860,2021-01-31,177.64
860,2021-03-03,124.51
860,2021-03-24,481.7
860,2021-04-12,329.28
860,2021-05-15,155.52
861,2021-02-07,325.9
861,2021-03-18,455.72
861,2021-04-14,356.7
861,2021-05-19,32.28
861,2021-06-13,420.89
861,2021-07-12,494.78
861,2021-08-08,241.52
861,2021-09-05,485.1
862,2021-01-27,137.71
862,2021-02-22,33.68
863,2021-02-13,464.22
863,2021-03-13,354.01
863,2021-04-10,212.87
863,2021-05-09,303.21
863,2021-06-02,220.59
863,2021-07-03,238.02
863,2021-08-05,444.54
863,2021-08-27,88.93
863,2021-10-04,60.8
864,2021-02-01,167.65
864,2021-03-01,266.39
865,2021-01-30,269.44
865,2021-02-25,32.04
865,2021-03-26,24.3
866,2021-02-02,99.34
866,2021-03-04,302.6
867,2021-02-14,288.09
868,2021-02-07,52.81
868,2021-02-27,278.22
869,2021-02-01,405.11
869,2021-03-02,235.75
869,2021-04-05,46.9
870,2021-02-08,466.58
870,2021-03-15,279.69
870,2021-04-05,313.97
870,2021-04-27,335.68
870,2021-05-24,285.07
871,2021-01-21,318.91
872,2021-02-08,476.91
873,2021-02-09,242.29
873,2021-03-14,325.87
873,2021-04-12,454.4
873,2021-05-11,287.53
873,2021-06-15,401.9
873,2021-07-20,490.56
874,2021-02-14,89.67
874,2021-03-15,89.79
874,2021-04-10,446.52
874,2021-05-10,47.26
874,2021-06-20,402.74
874,2021-07-14,124.45
874,2021-08-17,239.53
874,2021-09-15,458.82
875,2021-01-29,302.45
875,2021-03-04,299.84
875,2021-03-28,309.3
875,2021-04-22,362.23
875,2021-05-19,163.4
875,2021-06-24,26.58
875,2021-07-26,407.19
875,2021-08-20,73.16
875,2021-09-28,363.69
875,2021-10-27,50.33
875,2021-11-22,193.9
876,2021-02-05,123.96
877,2021-01-26,272.54
877,2021-03-06,160.74
877,2021-03-30,249.74
877,2021-04-26,120.06
877,2021-05-31,36.35
877,2021-06-28,391.82
877,2021-07-28,324.13
877,2021-08-20,176.96
877,2021-09-14,33.27
878,2021-01-29,100.65
878,2021-03-10,122.88
879,2021-01-20,419.56
880,2021-01-28,295.55
880,2021-02-16,412.36
880,2021-03-30,432.18
880,2021-04-26,24.03
880,2021-05-24,470.19
880,2021-06-22,31.24
880,2021-07-30,311.11
880,2021-09-03,349.76
880,2021-10-06,62.6
881,2021-02-03,66.5
881,2021-03-11,88.03
881,2021-04-21,377.98
881,2021-05-31,358.32
881,2021-07-03,109.87
881,2021-08-01,424.99
881,2021-09-06,147.83
881,2021-10-04,398.56
881,2021-11-03,249.51
882,2021-01-23,451.05
882,2021-02-17,415.22
882,2021-03-21,95.34
882,2021-04-22,212.5
882,2021-05-24,387.57
883,2021-02-03,79.2
884,2021-02-01,439.02
884,2021-03-07,450.51
884,2021-04-08,234.45
884,2021-05-09,225.62
884,2021-06-08,95.82
884,2021-07-14,484.52
885,2021-01-29,488.37
886,2021-02-02,268.0
887,2021-02-02,34.88
887,2021-03-06,308.6
888,2021-01-28,342.09
888,2021-02-26,101.75
888,2021-04-06,343.37
888,2021-05-10,203.11
888,2021-06-07,399.83
888,2021-07-08,28.05
888,2021-08-08,337.31
888,2021-09-22,328.41
888,2021-10-23,471.06
888,2021-11-24,359.55
888,2021-12-19,400.19
889,2021-02-12,63.67
890,2021-02-06,388.44
890,2021-03-05,233.66
891,2021-02-02,297.68
892,2021-01-26,23.27
892,2021-03-08,50.84
892,2021-04-05,224.41
892,2021-05-09,125.37
892,2021-06-12,492.29
892,2021-07-11,275.72
892,2021-08-11,334.58
892,2021-09-11,146.62
893,2021-01-22,140.37
893,2021-02-24,184.71
893,2021-03-26,470.87
893,2021-05-01,127.82
893,2021-05-27,56.55
893,2021-06-21,43.95
893,2021-07-26,257.26
893,2021-08-18,324.44
894,2021-01-29,344.64
894,2021-02-21,426.46
894,2021-03-22,115.7
894,2021-04-16,379.37
894,2021-05-05,441.86
894,2021-06-11,94.04
894,2021-07-06,179.93
894,2021-08-05,485.35
895,2021-02-03,241.76
895,2021-03-01,383.71
895,2021-03-30,498.63
896,2021-01-29,86.41
896,2021-02-22,236.79
896,2021-03-25,118.29
896,2021-04-12,371.98
896,2021-05-08,23.51
896,2021-06-08,281.83
896,2021-07-05,93.05
896,2021-08-01,10.49
896,2021-08-24,435.91
897,2021-01-27,387.89
898,2021-02-01,276.87
899,2021-01-31,139.78
899,2021-03-05,74.2
900,2021-02-04,159.54
900,2021-03-05,400.31
900,2021-03-31,230.02
900,2021-04-30,90.13
900,2021-05-31,56.32
901,2021-01-25,370.46
901,2021-02-28,31.01
901,2021-04-01,103.39
901,2021-05-05,335.43
901,2021-06-02,58.18
902,2021-02-01,152.35
903,2021-01-30,366.1
903,2021-02-26,357.2
903,2021-04-02,390.03
903,2021-04-25,71.03
903,2021-05-28,330.33
903,2021-06-29,154.9
903,2021-08-01,382.53
903,2021-09-05,127.78
904,2021-02-06,222.88
904,2021-03-13,92.94
904,2021-04-09,253.14
904,2021-05-12,334.98
904,2021-06-22,253.71
904,2021-07-12,336.24
905,2021-01-28,62.2
905,2021-03-06,409.12
905,2021-04-02,315.54
905,2021-05-03,103.58
905,2021-05-29,208.35
905,2021-06-24,273.95
905,2021-07-25,423.37
906,2021-01-22,424.49
906,2021-02-17,433.39
906,2021-03-25,380.23
906,2021-04-21,128.82
907,2021-02-10,133.5
907,2021-03-08,394.59
908,2021-01-29,119.42
908,2021-03-03,143.26
909,2021-01-26,116.33
909,2021-02-26,70.16
909,2021-03-28,263.93
909,2021-05-01,278.37
909,2021-06-03,173.86
909,2021-07-12,318.9
910,2021-01-29,475.05
910,2021-02-28,194.59
910,2021-03-31,292.79
910,2021-05-02,52.27
911,2021-02-08,222.37
912,2021-01-29,69.93
912,2021-03-05,116.25
913,2021-01-29,15.87
914,2021-01-24,202.68
914,2021-02-24,257.42
914,2021-03-24,447.38
915,2021-01-30,470.23
915,2021-03-04,164.88
915,2021-04-03,402.34
916,2021-02-06,97.23
916,2021-03-05,48.01
916,2021-04-06,312.86
917,2021-01-26,182.77
918,2021-02-04,452.58
919,2021-01-29,117.98
919,2021-02-27,119.65
920,2021-02-05,332.97
920,2021-03-11,489.13
920,2021-04-13,64.62
920,2021-05-22,236.35
920,2021-06-30,98.51
920,2021-07-29,375.07
920,2021-08-24,67.85
921,2021-02-05,102.03
922,2021-02-08,134.08
922,2021-03-09,146.57
922,2021-04-15,55.81
922,2021-05-15,147.05
923,2021-01-24,153.47
923,2021-02-26,314.24
924,2021-02-02,121.08
924,2021-03-07,486.19
924,2021-04-05,406.22
924,2021-05-05,287.73
924,2021-06-12,126.06
924,2021-07-06,17.04
924,2021-08-02,20.22
924,2021-09-02,309.87
924,2021-10-06,20.7
925,2021-02-07,285.17
925,2021-02-27,213.66
925,2021-03-29,45.27
925,2021-04-24,217.17
925,2021-05-29,397.41
925,2021-06-27,404.39
925,2021-07-26,447.26
925,2021-08-31,35.22
925,2021-10-03,268.31
925,2021-11-04,62.64
925,2021-12-05,108.36
925,2022-01-18,451.11
926,2021-02-07,37.55
926,2021-03-07,474.47
927,2021-01-27,108.32
928,2021-01-29,48.92
929,2021-01-27,259.12
929,2021-03-02,297.09
929,2021-03-27,127.56
929,2021-05-02,297.82
929,2021-06-11,451.17
929,2021-07-01,241.85
929,2021-08-03,430.12
929,2021-08-20,464.36
929,2021-09-14,55.27
930,2021-02-16,484.08
930,2021-03-10,491.45
930,2021-04-11,230.41
930,2021-05-09,425.2
930,2021-06-07,157.97
931,2021-02-07,140.49
931,2021-03-06,291.34
931,2021-04-03,489.84
932,2021-02-04,52.91
933,2021-02-02,111.57
934,2021-02-13,181.25
934,2021-03-14,343.1
934,2021-04-15,354.35
934,2021-05-24,482.85
934,2021-06-22,232.28
934,2021-07-26,319.89
935,2021-01-24,228.07
936,2021-02-01,379.16
936,2021-02-26,486.37
936,2021-03-28,313.94
937,2021-01-31,489.17
937,2021-03-02,496.72
938,2021-01-26,471.09
938,2021-02-28,147.72
938,2021-03-25,464.16
939,2021-02-05,136.13
939,2021-02-26,445.18
940,2021-01-28,40.96
940,2021-03-03,445.34
940,2021-04-07,466.19
940,2021-05-07,297.52
940,2021-06-01,421.84
941,2021-01-26,346.25
941,2021-02-20,126.97
941,2021-03-29,419.61
941,2021-04-25,363.7
941,2021-05-27,124.71
941,2021-06-21,487.74
941,2021-07-20,335.75
942,2021-01-28,162.03
942,2021-03-01,118.51
942,2021-03-28,201.25
942,2021-05-01,262.83
943,2021-02-05,154.18
943,2021-03-12,297.57
943,2021-04-01,161.72
944,2021-01-28,239.7
944,2021-02-24,499.41
945,2021-01-28,89.53
945,2021-02-18,443.1
945,2021-03-19,177.72
945,2021-04-15,71.27
945,2021-05-17,304.01
945,2021-06-14,194.23
946,2021-02-03,76.93
946,2021-02-25,267.68
947,2021-02-01,203.92
947,2021-03-07,446.17
948,2021-01-27,382.01
948,2021-02-12,280.66
948,2021-03-12,393.96
948,2021-04-08,351.77
949,2021-02-03,167.72
949,2021-02-28,47.89
949,2021-04-06,233.47
949,2021-05-06,411.01
949,2021-06-01,18.35
949,2021-07-07,295.23
949,2021-08-10,441.58
949,2021-09-07,116.6
949,2021-10-04,99.8
949,2021-11-01,388.42
949,2021-11-30,134.99
949,2022-01-01,104.07
949,2022-02-02,195.21
950,2021-01-25,34.36
951,2021-01-29,260.99
952,2021-02-12,349.61
953,2021-02-11,318.8
953,2021-03-04,48.57
954,2021-01-23,405.97
954,2021-02-19,280.56
954,2021-03-20,10.84
954,2021-04-19,321.82
954,2021-05-14,376.95
954,2021-06-11,132.0
955,2021-02-02,19.11
955,2021-02-26,274.48
956,2021-02-05,296.77
956,2021-03-16,129.0
956,2021-04-09,91.47
956,2021-04-26,300.46
957,2021-02-02,195.13
957,2021-03-02,497.1
957,2021-04-11,33.77
957,2021-05-18,351.37
957,2021-06-19,422.18
958,2021-02-03,476.85
959,2021-02-01,430.31
959,2021-03-07,466.17
959,2021-04-07,389.75
960,2021-01-27,475.61
960,2021-02-24,62.4
960,2021-03-24,285.98
960,2021-04-20,171.73
960,2021-05-19,220.63
960,2021-06-13,308.99
960,2021-07-13,455.34
960,2021-08-16,234.21
960,2021-09-13,493.99
960,2021-10-15,300.48
961,2021-02-04,133.44
962,2021-01-28,214.04
963,2021-01-31,227.88
963,2021-03-09,320.29
963,2021-04-03,321.93
963,2021-05-07,398.01
963,2021-06-06,150.68
963,2021-07-04,387.46
963,2021-07-26,225.69
963,2021-08-26,338.38
963,2021-09-23,233.3
963,2021-10-26,474.82
963,2021-11-20,97.86
963,2021-12-25,340.75
963,2022-01-27,292.5
964,2021-01-27,43.78
964,2021-03-04,359.63
964,2021-03-29,21.97
965,2021-02-01,350.39
966,2021-02-03,143.03
967,2021-01-29,434.51
967,2021-02-25,365.32
967,2021-04-01,114.47
967,2021-05-06,311.4
967,2021-06-07,229.3
968,2021-01-29,71.57
969,2021-02-05,317.54
969,2021-03-05,203.6
970,2021-01-22,431.14
970,2021-02-19,470.01
970,2021-03-20,117.83
970,2021-04-19,433.3
970,2021-05-14,136.52
971,2021-02-13,403.67
972,2021-01-26,82.13
972,2021-03-02,483.12
972,2021-04-04,236.43
973,2021-01-29,343.08
974,2021-02-05,252.25
975,2021-01-26,375.52
975,2021-02-23,252.31
975,2021-04-02,72.7
975,2021-04-23,289.26
975,2021-05-12,251.15
975,2021-06-06,263.78
975,2021-07-12,440.66
975,2021-08-19,448.47
975,2021-09-22,232.23
976,2021-02-02,37.9
976,2021-02-26,246.33
976,2021-03-27,102.67
976,2021-04-23,469.33
977,2021-01-19,301.48
978,2021-01-25,163.87
978,2021-02-25,231.65
978,2021-03-26,426.89
978,2021-04-24,391.4
978,2021-05-27,427.11
978,2021-06-26,143.26
978,2021-07-25,300.8
978,2021-08-29,148.79
978,2021-09-24,63.42
979,2021-02-04,240.22
979,2021-03-10,152.81
979,2021-04-14,244.0
979,2021-05-15,208.3
979,2021-06-19,466.67
980,2021-01-31,72.84
980,2021-03-04,380.69
981,2021-01-28,364.23
982,2021-01-25,490.46
983,2021-02-01,276.01
983,2021-03-06,136.97
983,2021-04-04,183.83
983,2021-05-02,448.06
983,2021-05-27,37.41
983,2021-06-29,299.83
983,2021-08-05,192.52
983,2021-09-06,199.48
984,2021-01-28,221.27
985,2021-02-03,183.03
985,2021-03-13,430.35
985,2021-04-19,23.39
986,2021-02-02,153.73
986,2021-03-05,289.07
987,2021-02-01,206.61
987,2021-02-26,288.79
987,2021-04-02,283.85
987,2021-05-03,68.35
987,2021-05-26,26.87
988,2021-01-23,349.86
989,2021-01-28,464.17
989,2021-02-22,98.76
989,2021-03-20,457.11
989,2021-04-25,37.55
989,2021-05-19,474.63
989,2021-06-12,108.39
989,2021-07-10,158.33
990,2021-02-02,137.09
990,2021-03-02,194.3
991,2021-02-01,458.74
991,2021-03-03,102.85
991,2021-04-06,33.73
991,2021-05-15,170.47
992,2021-01-27,453.4
993,2021-02-07,108.96
994,2021-01-27,230.93
994,2021-03-03,349.76
995,2021-02-01,285.61
995,2021-02-28,446.12
995,2021-03-20,184.25
995,2021-04-15,112.01
995,2021-05-13,233.58
995,2021-06-12,111.96
995,2021-07-25,254.22
995,2021-08-22,452.72
995,2021-09-24,312.54
995,2021-10-28,429.16
995,2021-11-29,91.43
996,2021-02-09,80.32
996,2021-03-11,237.59
996,2021-04-10,476.12
996,2021-05-17,186.78
996,2021-06-25,439.97
996,2021-07-16,68.94
996,2021-08-16,312.34
997,2021-02-10,362.3
997,2021-03-22,413.8
997,2021-04-24,367.12
998,2021-01-30,252.4
998,2021-02-28,241.56
998,2021-03-28,293.96
998,2021-05-01,117.5
998,2021-05-26,267.76
998,2021-06-24,15.41
998,2021-07-29,243.02
999,2021-02-02,218.33
999,2021-03-04,472.38
999,2021-03-31,255.36
999,2021-05-05,321.28
999,2021-06-09,315.84
1000,2021-02-01,288.03
1000,2021-02-28,93.53
1000,2021-04-09,78.78
1000,2021-04-27,315.33
1000,2021-05-23,162.33
1000,2021-06-25,226.03
